시도명,구시군명,선거명,기초의원들
강원,강릉시,구시군의원,새누리당 이용기 / 새누리당 김기영 / 새정치민주연합 기세남 / 새누리당 한상돈 / 무소속 이재안 / 새누리당 강희문 / 새누리당 최익순 / 새정치민주연합 유현민 / 새누리당 박건영 / 새누리당 최선근 / 새정치민주연합 배용주 / 새누리당 조영돈 / 새누리당 조대영 / 새누리당 김남길 / 새누리당 허병관 / 무소속 김남형 / 
강원,강릉시,구시군장,새누리당 최명희 / 
강원,강릉시,기초의원비례대표,새누리당 박경자 / 새정치민주연합 김복자 / 
강원,고성군(강원),구시군의원,새누리당 용광열 / 새정치민주연합 함명준 / 무소속 김진 / 새누리당 김일용 / 새누리당 김형실 / 무소속 김영문 / 
강원,고성군(강원),구시군장,새누리당 윤승근 / 
강원,고성군(강원),기초의원비례대표,새누리당 김숙희 / 
강원,동해시,구시군의원,새누리당 이동호 / 새누리당 이정학 / 새정치민주연합 최석찬 / 새누리당 정성모 / 새누리당 김기하 / 새누리당 김혜숙 / 새정치민주연합 박주현 / 
강원,동해시,구시군장,새누리당 심규언 / 
강원,동해시,기초의원비례대표,새누리당 임명희 / 
강원,삼척시,구시군의원,새누리당 정진권 / 새누리당 이정훈 / 새누리당 권정복 / 무소속 최승국 / 새누리당 정정순 / 새누리당 한동수 / 무소속 이광우 / 
강원,삼척시,구시군장,무소속 김양호 / 
강원,삼척시,기초의원비례대표,새누리당 박영자 / 
강원,속초시,구시군의원,새누리당 김진기 / 새누리당 박명수 / 새정치민주연합 신선익 / 새누리당 최령근 / 새누리당 김종희 / 새정치민주연합 최종현 / 
강원,속초시,구시군장,무소속 이병선 / 
강원,속초시,기초의원비례대표,새누리당 강영희 / 
강원,양구군,구시군의원,새누리당 임철호 / 새정치민주연합 이상건 / 무소속 김철 / 새누리당 최경지 / 새정치민주연합 이태균 / 새정치민주연합 정창수 / 
강원,양구군,구시군장,새누리당 전창범 / 
강원,양구군,기초의원비례대표,새누리당 김동녀 / 
강원,양양군,구시군의원,새누리당 오한석 / 무소속 이기용 / 무소속 김정중 / 새누리당 진종호 / 새누리당 고제철 / 새누리당 최홍규 / 
강원,양양군,구시군장,새누리당 김진하 / 
강원,양양군,기초의원비례대표,새누리당 이영자 / 
강원,영월군,구시군의원,새누리당 엄승열 / 새누리당 조정이 / 새정치민주연합 강명호 / 새누리당 엄경섭 / 새정치민주연합 신준용 / 무소속 윤길로 / 
강원,영월군,구시군장,새누리당 박선규 / 
강원,영월군,기초의원비례대표,새누리당 심재섭 / 
강원,원주시,구시군의원,새누리당 조창휘 / 새정치민주연합 곽희운 / 새누리당 황기섭 / 새정치민주연합 유석연 / 새누리당 허진욱 / 새누리당 권영익 / 새정치민주연합 용정순 / 새누리당 김학수 / 새누리당 박호빈 / 새정치민주연합 이성규 / 새누리당 김명숙 / 새정치민주연합 류인출 / 새누리당 이상현 / 새누리당 전병선 / 새정치민주연합 한상국 / 새정치민주연합 위규범 / 새누리당 이재용 / 새누리당 하석균 / 새정치민주연합 신재섭 / 
강원,원주시,구시군장,새정치민주연합 원창묵 / 
강원,원주시,기초의원비례대표,새누리당 이은옥 / 새누리당 김인순 / 새정치민주연합 김정희 / 
강원,인제군,구시군의원,새누리당 엄윤순 / 새누리당 한의동 / 새정치민주연합 이기호 / 새누리당 최덕용 / 새누리당 이춘만 / 무소속 최종열 / 
강원,인제군,구시군장,새누리당 이순선 / 
강원,인제군,기초의원비례대표,새누리당 강순복 / 
강원,정선군,구시군의원,새누리당 심응종 / 새정치민주연합 전흥표 / 무소속 남조영 / 새누리당 김옥휘 / 새누리당 차주영 / 새정치민주연합 유재철 / 
강원,정선군,구시군장,새누리당 전정환 / 
강원,정선군,기초의원비례대표,새누리당 진길우 / 
강원,철원군,구시군의원,새누리당 강세용 / 새누리당 배병인 / 새정치민주연합 김갑수 / 새누리당 문경훈 / 새정치민주연합 박성호 / 무소속 박남진 / 
강원,철원군,구시군장,새누리당 이현종 / 
강원,철원군,기초의원비례대표,새누리당 오필례 / 
강원,춘천시,구시군의원,새누리당 김주열 / 새정치민주연합 황환주 / 새누리당 손우철 / 새정치민주연합 변관우 / 새누리당 유호순 / 새정치민주연합 윤채옥 / 새정치민주연합 이원규 / 새누리당 박기영 / 새누리당 장미화 / 새누리당 한중일 / 새정치민주연합 황찬중 / 새누리당 박찬흥 / 새정치민주연합 이대주 / 새누리당 차성호 / 새정치민주연합 임금석 / 새정치민주연합 남상규 / 새누리당 이상민 / 새정치민주연합 김영일 / 
강원,춘천시,구시군장,새누리당 최동용 / 
강원,춘천시,기초의원비례대표,새누리당 이미옥 / 새정치민주연합 이혜영 / 새정치민주연합 박순자 / 
강원,태백시,구시군의원,새누리당 고재창 / 새누리당 이한영 / 새정치민주연합 김길동 / 새누리당 김재욱 / 새정치민주연합 유태호 / 무소속 심용보 / 
강원,태백시,구시군장,새누리당 김연식 / 
강원,태백시,기초의원비례대표,새누리당 노복순 / 
강원,평창군,구시군의원,새누리당 유인환 / 새누리당 박찬원 / 새정치민주연합 함명섭 / 새누리당 이범연 / 새누리당 박종욱 / 새정치민주연합 장문혁 / 
강원,평창군,구시군장,새누리당 심재국 / 
강원,평창군,기초의원비례대표,새누리당 임영순 / 
강원,홍천군,구시군의원,새누리당 신동천 / 새누리당 허남진 / 새정치민주연합 김재근 / 새누리당 이호열 / 새정치민주연합 최성진 / 새누리당 백금산 / 무소속 유영덕 / 
강원,홍천군,구시군장,새누리당 노승락 / 
강원,홍천군,기초의원비례대표,새누리당 박은정 / 
강원,화천군,구시군의원,새누리당 노이업 / 새누리당 이흥일 / 새정치민주연합 최광선 / 새누리당 최진규 / 새누리당 류희상 / 무소속 길종수 / 
강원,화천군,구시군장,새누리당 최문순 / 
강원,화천군,기초의원비례대표,새누리당 박정순 / 
강원,횡성군,구시군의원,새누리당 김은숙 / 새누리당 한창수 / 새정치민주연합 장신상 / 새누리당 표한상 / 새누리당 이대균 / 새정치민주연합 김인덕 / 
강원,횡성군,구시군장,새누리당 한규호 / 
강원,횡성군,기초의원비례대표,새누리당 김영숙 / 
경기,가평군,구시군의원,새누리당 최기호 / 무소속 신현배 / 새누리당 조중윤 / 무소속 김춘배 / 새누리당 이종훈 / 무소속 고장익 / 
경기,가평군,구시군장,무소속 김성기 / 
경기,가평군,기초의원비례대표,새누리당 김금순 / 
경기,고양시덕양구,구시군의원,새누리당 우영택 / 새정치민주연합 윤용석 / 정의당 김혜련 / 새누리당 권순영 / 새정치민주연합 장제환 / 정의당 박시동 / 새누리당 고종국 / 새정치민주연합 유선종 / 새누리당 선재길 / 새정치민주연합 강주내 / 새누리당 이규열 / 새정치민주연합 원용희 / 
경기,고양시덕양구,구시군장,새정치민주연합 최성 / 
경기,고양시덕양구,기초의원비례대표,새누리당 고부미 / 새누리당 김홍두 / 새정치민주연합 조현숙 / 새정치민주연합 김효금 / 
경기,고양시일산동구,구시군의원,새누리당 김미현 / 새정치민주연합 김경희 / 새정치민주연합 이화우 / 새누리당 김영식 / 새정치민주연합 김필례 / 새누리당 이영휘 / 새정치민주연합 소영환 / 
경기,고양시일산서구,구시군의원,새누리당 김완규 / 새정치민주연합 고은정 / 새누리당 이영훈 / 새정치민주연합 김운남 / 새누리당 박상준 / 새정치민주연합 이윤승 / 새누리당 임형성 / 새정치민주연합 이길용 / 
경기,과천시,구시군의원,새누리당 문봉선 / 새정치민주연합 이홍천 / 무소속 안영 / 새누리당 고금란 / 새정치민주연합 윤미현 / 무소속 제갈임주 / 
경기,과천시,구시군장,새누리당 신계용 / 
경기,과천시,기초의원비례대표,새누리당 이수진 / 
경기,광명시,구시군의원,새누리당 김정호 / 새정치민주연합 나상성 / 새누리당 오윤배 / 새정치민주연합 이영호 / 새정치민주연합 고순희 / 새누리당 이병주 / 새정치민주연합 김기춘 / 새정치민주연합 김익찬 / 새누리당 이윤정 / 새정치민주연합 조화영 / 새정치민주연합 정용연 / 
경기,광명시,구시군장,새정치민주연합 양기대 / 
경기,광명시,기초의원비례대표,새누리당 조희선 / 새정치민주연합 이길숙 / 
경기,광주시,구시군의원,새누리당 유지호 / 새정치민주연합 이현철 / 새누리당 소미순 / 새정치민주연합 설애경 / 새누리당 황명주 / 새정치민주연합 박해광 / 새누리당 이문섭 / 새정치민주연합 박현철 / 
경기,광주시,구시군장,새누리당 조억동 / 
경기,광주시,기초의원비례대표,새누리당 현자섭 / 
경기,구리시,구시군의원,새누리당 강광섭 / 새누리당 진화자 / 새정치민주연합 신동화 / 새누리당 장향숙 / 새정치민주연합 민경자 / 새정치민주연합 박석윤 / 
경기,구리시,구시군장,새정치민주연합 박영순 / 
경기,구리시,기초의원비례대표,새정치민주연합 임연옥 / 
경기,군포시,구시군의원,새누리당 이석진 / 새정치민주연합 김동별 / 새누리당 장경민 / 새정치민주연합 주연규 / 새누리당 이희재 / 새정치민주연합 이견행 / 새누리당 홍경호 / 새정치민주연합 박미숙 / 
경기,군포시,구시군장,새정치민주연합 김윤주 / 
경기,군포시,기초의원비례대표,새정치민주연합 성복임 / 
경기,김포시,구시군의원,새누리당 유영근 / 새정치민주연합 노수은 / 새정치민주연합 정왕룡 / 새누리당 권오준 / 새정치민주연합 피광성 / 새누리당 김인수 / 새정치민주연합 신명순 / 새누리당 이진민 / 새정치민주연합 정하영 / 
경기,김포시,구시군장,새정치민주연합 유영록 / 
경기,김포시,기초의원비례대표,새누리당 염선 / 
경기,남양주시,구시군의원,새누리당 이진택 / 새정치민주연합 이철영 / 새정치민주연합 정기홍 / 새누리당 양석은 / 새누리당 이철우 / 새정치민주연합 신민철 / 새누리당 이도재 / 새정치민주연합 이창희 / 새정치민주연합 박유희 / 새누리당 우희동 / 새누리당 원병일 / 새정치민주연합 이창균 / 새누리당 곽복추 / 새정치민주연합 정진춘 / 
경기,남양주시,구시군장,새누리당 이석우 / 
경기,남양주시,기초의원비례대표,새누리당 최옥녀 / 새정치민주연합 박영희 / 
경기,동두천시,구시군의원,새누리당 소원영 / 새누리당 김승호 / 새정치민주연합 이성수 / 새누리당 장영미 / 새누리당 송흥석 / 새정치민주연합 김동철 / 
경기,동두천시,구시군장,새정치민주연합 오세창 / 
경기,동두천시,기초의원비례대표,새누리당 정계숙 / 
경기,부천시소사구,구시군의원,새누리당 이상열 / 새정치민주연합 최성운 / 새정치민주연합 김정기 / 새누리당 서강진 / 새정치민주연합 한선재 / 새누리당 이준영 / 새정치민주연합 김동희 / 
경기,부천시오정구,구시군의원,새누리당 서원호 / 새정치민주연합 이진연 / 새정치민주연합 김관수 / 새누리당 원정은 / 새정치민주연합 최갑철 / 새정치민주연합 서헌성 / 
경기,부천시원미구,구시군의원,새누리당 김한태 / 새정치민주연합 강동구 / 새정치민주연합 정재현 / 새누리당 이형순 / 새정치민주연합 김문호 / 새누리당 한기천 / 새정치민주연합 박병권 / 무소속 윤병국 / 새누리당 방춘하 / 새정치민주연합 임성환 / 새누리당 민맹호 / 새정치민주연합 이동현 / 
경기,부천시원미구,구시군장,새정치민주연합 김만수 / 
경기,부천시원미구,기초의원비례대표,새누리당 김은주 / 새정치민주연합 황진희 / 새정치민주연합 우지영 / 
경기,성남시분당구,구시군의원,새누리당 박영애 / 새정치민주연합 김용 / 새누리당 박광순 / 새정치민주연합 박문석 / 새누리당 이기인 / 새정치민주연합 박종철 / 새누리당 노환인 / 새정치민주연합 권락용 / 새누리당 김윤정 / 새정치민주연합 어지영 / 새누리당 김영발 / 새정치민주연합 조정식 / 새누리당 이제영 / 새정치민주연합 김해숙 / 새정치민주연합 강한구 / 
경기,성남시수정구,구시군의원,새누리당 이덕수 / 새정치민주연합 강상태 / 새누리당 안광환 / 새정치민주연합 윤창근 / 새정치민주연합 최만식 / 새누리당 이상호 / 새누리당 이재호 / 새정치민주연합 정종삼 / 
경기,성남시중원구,구시군의원,새누리당 홍현임 / 새정치민주연합 지관근 / 새누리당 박도진 / 새정치민주연합 박호근 / 새누리당 안극수 / 새정치민주연합 마선식 / 새정치민주연합 김유석 / 
경기,성남시중원구,구시군장,새정치민주연합 이재명 / 
경기,성남시중원구,기초의원비례대표,새누리당 이승연 / 새누리당 박권종 / 새정치민주연합 박윤희 / 새정치민주연합 최승희 / 
경기,수원시권선구,구시군의원,새누리당 민한기 / 새정치민주연합 조명자 / 새누리당 이재식 / 새정치민주연합 장정희 / 새누리당 차긍호 / 새정치민주연합 김정렬 / 새누리당 유재광 / 새정치민주연합 김진우 / 
경기,수원시영통구,구시군의원,새누리당 이재선 / 새정치민주연합 박순영 / 새정치민주연합 양진하 / 새누리당 김기정 / 새정치민주연합 백종헌 / 새정치민주연합 노영관 / 새누리당 정준태 / 새정치민주연합 조석환 / 
경기,수원시장안구,구시군의원,새누리당 홍종수 / 새정치민주연합 한규흠 / 새누리당 김은수 / 새정치민주연합 백정선 / 새누리당 염상훈 / 새정치민주연합 유철수 / 새누리당 심상호 / 새정치민주연합 이종근 / 
경기,수원시팔달구,구시군의원,새누리당 한원찬 / 새누리당 명규환 / 새정치민주연합 김진관 / 새누리당 이혜련 / 새정치민주연합 김미경 / 새정치민주연합 이철승 / 
경기,수원시팔달구,구시군장,새정치민주연합 염태영 / 
경기,수원시팔달구,기초의원비례대표,새누리당 한명숙 / 새누리당 조돈빈 / 새정치민주연합 최영옥 / 새정치민주연합 이미경 / 
경기,시흥시,구시군의원,새누리당 김찬심 / 새누리당 윤태학 / 새정치민주연합 문정복 / 새누리당 조원희 / 새정치민주연합 김태경 / 새누리당 홍지영 / 새정치민주연합 김영철 / 새정치민주연합 장재철 / 새누리당 홍원상 / 새정치민주연합 박선옥 / 
경기,시흥시,구시군장,새정치민주연합 김윤식 / 
경기,시흥시,기초의원비례대표,새누리당 손옥순 / 새정치민주연합 이복희 / 
경기,안산시단원구,구시군의원,새누리당 손관승 / 새정치민주연합 송바우나 / 새정치민주연합 성준모 / 새누리당 김재국 / 새정치민주연합 박은경 / 새누리당 윤석진 / 새정치민주연합 김동수 / 새누리당 신성철 / 새정치민주연합 나정숙 / 
경기,안산시단원구,구시군장,새정치민주연합 제종길 / 
경기,안산시단원구,기초의원비례대표,새누리당 이상숙 / 새정치민주연합 주미희 / 새정치민주연합 김진희 / 
경기,안산시상록구,구시군의원,새누리당 김정택 / 새정치민주연합 김동규 / 새정치민주연합 전준호 / 새누리당 윤태천 / 새정치민주연합 박영근 / 새누리당 이민근 / 새정치민주연합 유화 / 새누리당 홍순목 / 새정치민주연합 정승현 / 
경기,안성시,구시군의원,새누리당 유광철 / 새정치민주연합 황진택 / 새누리당 이영찬 / 새정치민주연합 이기영 / 새누리당 안정열 / 새정치민주연합 신원주 / 새누리당 권혁진 / 무소속 김지수 / 
경기,안성시,구시군장,새누리당 황은성 / 
경기,안성시,기초의원비례대표,새누리당 조성숙 / 
경기,안양시동안구,구시군의원,새누리당 이성우 / 새누리당 심재민 / 새정치민주연합 문수곤 / 새누리당 박정옥 / 새정치민주연합 심규순 / 새누리당 음경택 / 새누리당 이승경 / 새정치민주연합 이문수 / 새누리당 김필여 / 새누리당 김대영 / 새정치민주연합 송현주 / 
경기,안양시동안구,구시군장,새누리당 이필운 / 
경기,안양시동안구,기초의원비례대표,새누리당 이보영 / 새정치민주연합 정맹숙 / 새정치민주연합 임영란 / 
경기,안양시만안구,구시군의원,새누리당 원용의 / 새정치민주연합 홍춘희 / 새누리당 천진철 / 새정치민주연합 김성수 / 새누리당 임상곤 / 새정치민주연합 권재학 / 새누리당 서정열 / 새정치민주연합 김선화 / 
경기,양주시,구시군의원,새누리당 박길서 / 새정치민주연합 황영희 / 새정치민주연합 홍성표 / 새누리당 김종길 / 새정치민주연합 정덕영 / 새누리당 안종섭 / 새정치민주연합 이희창 / 
경기,양주시,구시군장,새누리당 현삼식 / 
경기,양주시,기초의원비례대표,새누리당 박경수 / 
경기,양평군,구시군의원,새누리당 박명숙 / 새누리당 송만기 / 새정치민주연합 박현일 / 새누리당 이종식 / 새누리당 이종화 / 새정치민주연합 송요찬 / 
경기,양평군,구시군장,새누리당 김선교 / 
경기,양평군,기초의원비례대표,새누리당 박화자 / 
경기,여주시,구시군의원,새누리당 김영자 / 새누리당 이환설 / 새정치민주연합 이항진 / 새누리당 이상춘 / 새누리당 윤희정 / 새정치민주연합 박재영 / 
경기,여주시,구시군장,새누리당 원경희 / 
경기,여주시,기초의원비례대표,새누리당 이영옥 / 
경기,연천군,구시군의원,새누리당 심상금 / 새누리당 이종만 / 새정치민주연합 조봉안 / 새정치민주연합 왕규식 / 새누리당 서성추 / 새누리당 정찬우 / 
경기,연천군,구시군장,새누리당 김규선 / 
경기,연천군,기초의원비례대표,새누리당 장애정 / 
경기,오산시,구시군의원,새누리당 이상수 / 새정치민주연합 문영근 / 새정치민주연합 손정환 / 새누리당 김지혜 / 새누리당 김명철 / 새정치민주연합 장인수 / 
경기,오산시,구시군장,새정치민주연합 곽상욱 / 
경기,오산시,기초의원비례대표,새정치민주연합 김영희 / 
경기,용인시기흥구,구시군의원,새누리당 홍종락 / 새정치민주연합 고찬석 / 새누리당 유향금 / 새정치민주연합 김대정 / 새누리당 박만섭 / 새정치민주연합 유진선 / 새정치민주연합 박남숙 / 새누리당 김운봉 / 새정치민주연합 김기준 / 
경기,용인시수지구,구시군의원,새누리당 김선희 / 새정치민주연합 김중식 / 새누리당 이정혜 / 새정치민주연합 소치영 / 새누리당 신민석 / 새정치민주연합 이건한 / 새누리당 강웅철 / 새정치민주연합 윤원균 / 
경기,용인시처인구,구시군의원,새누리당 이건영 / 새정치민주연합 정창진 / 새정치민주연합 이제남 / 새누리당 신현수 / 새정치민주연합 남홍숙 / 새누리당 박원동 / 새정치민주연합 최원식 / 
경기,용인시처인구,구시군장,새누리당 정찬민 / 
경기,용인시처인구,기초의원비례대표,새누리당 김상수 / 새누리당 김희영 / 새정치민주연합 이은경 / 
경기,의왕시,구시군의원,새누리당 조규홍 / 새정치민주연합 정길주 / 새정치민주연합 서창수 / 새누리당 전영남 / 새정치민주연합 기길운 / 새정치민주연합 전경숙 / 
경기,의왕시,구시군장,새정치민주연합 김성제 / 
경기,의왕시,기초의원비례대표,새정치민주연합 윤미근 / 
경기,의정부시,구시군의원,새누리당 조금석 / 새정치민주연합 장수봉 / 새정치민주연합 최경자 / 새누리당 김일봉 / 새누리당 구구회 / 새정치민주연합 김이원 / 새누리당 임호석 / 새정치민주연합 정선희 / 새정치민주연합 권재형 / 새누리당 박종철 / 새정치민주연합 안지찬 / 
경기,의정부시,구시군장,새정치민주연합 안병용 / 
경기,의정부시,기초의원비례대표,새누리당 김현주 / 새정치민주연합 안춘선 / 
경기,이천시,구시군의원,새누리당 한영순 / 새누리당 김문자 / 새정치민주연합 전춘봉 / 새누리당 김학원 / 새정치민주연합 홍헌표 / 새누리당 김하식 / 새누리당 김용재 / 새정치민주연합 정종철 / 
경기,이천시,구시군장,새정치민주연합 조병돈 / 
경기,이천시,기초의원비례대표,새정치민주연합 서광자 / 
경기,파주시,구시군의원,새누리당 손배옥 / 새정치민주연합 손배찬 / 통합진보당 안소희 / 새누리당 나성민 / 새누리당 김병수 / 새정치민주연합 손희정 / 새누리당 안명규 / 새누리당 이평자 / 새정치민주연합 이근삼 / 새누리당 윤응철 / 새누리당 박재진 / 새정치민주연합 박찬일 / 
경기,파주시,구시군장,새누리당 이재홍 / 
경기,파주시,기초의원비례대표,새누리당 박희준 / 새정치민주연합 최영실 / 
경기,평택시,구시군의원,새누리당 김윤태 / 새정치민주연합 양경석 / 새누리당 이희태 / 새정치민주연합 김재균 / 새누리당 한숙자 / 새정치민주연합 박환우 / 새누리당 정영아 / 새정치민주연합 오명근 / 새누리당 최중안 / 새정치민주연합 김기성 / 새누리당 김인식 / 새누리당 유영삼 / 새정치민주연합 김수우 / 새정치민주연합 권영화 / 
경기,평택시,구시군장,새누리당 공재광 / 
경기,평택시,기초의원비례대표,새누리당 김혜영 / 새정치민주연합 서현옥 / 
경기,포천시,구시군의원,새누리당 서과석 / 새정치민주연합 이형직 / 새누리당 윤충식 / 새정치민주연합 류재빈 / 새누리당 이희승 / 새누리당 정종근 / 새정치민주연합 이원석 / 
경기,포천시,구시군장,새누리당 서장원 / 
경기,포천시,기초의원비례대표,새누리당 이명희 / 
경기,하남시,구시군의원,새누리당 문외숙 / 새누리당 윤재군 / 새정치민주연합 오수봉 / 새누리당 김종복 / 새누리당 김승용 / 새정치민주연합 방미숙 / 
경기,하남시,구시군장,새정치민주연합 이교범 / 
경기,하남시,기초의원비례대표,새누리당 박진희 / 
경기,화성시,구시군의원,새누리당 서재일 / 새누리당 이창현 / 새정치민주연합 조병수 / 새정치민주연합 이홍근 / 새누리당 김혜진 / 새누리당 김정주 / 새누리당 박기영 / 새정치민주연합 김홍성 / 새누리당 용환보 / 새정치민주연합 박진섭 / 새누리당 오문섭 / 새정치민주연합 최용주 / 새정치민주연합 박종선 / 새누리당 이선주 / 새정치민주연합 이성희 / 새정치민주연합 원유민 / 
경기,화성시,구시군장,새정치민주연합 채인석 / 
경기,화성시,기초의원비례대표,새누리당 허인숙 / 새정치민주연합 노경애 / 
경남,거제시,구시군의원,새누리당 신금자 / 새누리당 이형철 / 새누리당 반대식 / 새정치민주연합 김성갑 / 새누리당 옥삼수 / 새누리당 윤부원 / 새정치민주연합 박명옥 / 새누리당 전기풍 / 노동당 송미량 / 새누리당 조호현 / 새누리당 임수환 / 무소속 진양민 / 노동당 한기수 / 무소속 김경진 / 
경남,거제시,구시군장,새누리당 권민호 / 
경남,거제시,기초의원비례대표,새누리당 김복희 / 새정치민주연합 최양희 / 
경남,거창군,구시군의원,새누리당 표주숙 / 새누리당 최광열 / 무소속 강철우 / 새누리당 김종두 / 무소속 형남현 / 새누리당 변상원 / 무소속 이홍희 / 새누리당 이성복 / 새누리당 권재경 / 
경남,거창군,구시군장,새누리당 이홍기 / 
경남,거창군,기초의원비례대표,새누리당 박희순 / 새정치민주연합 김향란 / 
경남,고성군(경남),구시군의원,새누리당 정도범 / 무소속 김상준 / 무소속 김홍식 / 새누리당 최을석 / 새누리당 최상림 / 새누리당 강영봉 / 새누리당 박용삼 / 새누리당 황보길 / 새누리당 공점식 / 
경남,고성군(경남),구시군장,새누리당 하학열 / 
경남,고성군(경남),기초의원비례대표,새누리당 박덕해 / 새정치민주연합 이쌍자 / 
경남,김해시,구시군의원,새누리당 엄정 / 새누리당 김명식 / 새정치민주연합 송유인 / 새누리당 송영환 / 새정치민주연합 김형수 / 새누리당 옥영숙 / 새누리당 박정규 / 새정치민주연합 조성윤 / 새누리당 전명현 / 새누리당 류명열 / 새정치민주연합 권요찬 / 새누리당 이정화 / 새정치민주연합 김재금 / 무소속 이영철 / 새누리당 배창한 / 새정치민주연합 배병돌 / 새누리당 우미선 / 새누리당 전영기 / 새정치민주연합 박민정 / 
경남,김해시,구시군장,새정치민주연합 김맹곤 / 
경남,김해시,기초의원비례대표,새누리당 박진숙 / 새누리당 김동순 / 새정치민주연합 김명희 / 
경남,남해군,구시군의원,새누리당 김정숙 / 무소속 박득주 / 무소속 하복만 / 새누리당 김두일 / 무소속 박삼준 / 새누리당 박종길 / 새누리당 박광동 / 새누리당 윤정근 / 무소속 정홍찬 / 
경남,남해군,구시군장,새누리당 박영일 / 
경남,남해군,기초의원비례대표,새누리당 박미선 / 
경남,밀양시,구시군의원,새누리당 박필호 / 새누리당 손문규 / 새누리당 최남기 / 새누리당 황걸연 / 새누리당 김상득 / 무소속 황인구 / 새누리당 조인옥 / 새누리당 허홍 / 무소속 정윤호 / 새누리당 정정규 / 새누리당 조인종 / 
경남,밀양시,구시군장,새누리당 박일호 / 
경남,밀양시,기초의원비례대표,새누리당 조영자 / 새정치민주연합 이주옥 / 
경남,사천시,구시군의원,새누리당 구정화 / 새누리당 한대식 / 새정치민주연합 최용석 / 새누리당 이종범 / 무소속 김봉균 / 새누리당 정철용 / 새누리당 김현철 / 새누리당 윤형근 / 새누리당 최갑현 / 새정치민주연합 조익래 / 
경남,사천시,구시군장,무소속 송도근 / 
경남,사천시,기초의원비례대표,새누리당 정지선 / 새정치민주연합 김영애 / 
경남,산청군,구시군의원,새누리당 정명순 / 무소속 이승화 / 새누리당 신동복 / 새누리당 민영현 / 새누리당 김명석 / 새누리당 조성환 / 새누리당 심재화 / 새누리당 이만규 / 무소속 김영일 / 
경남,산청군,구시군장,새누리당 허기도 / 
경남,산청군,기초의원비례대표,새누리당 왕선희 / 
경남,양산시,구시군의원,새누리당 김효진 / 새정치민주연합 임정섭 / 무소속 박말태 / 새누리당 정경효 / 무소속 이종희 / 새누리당 한옥문 / 새누리당 김정희 / 새누리당 이기준 / 새누리당 이호근 / 새정치민주연합 이상걸 / 새누리당 이채화 / 새정치민주연합 박대조 / 새누리당 이상정 / 새정치민주연합 박일배 / 
경남,양산시,구시군장,새누리당 나동연 / 
경남,양산시,기초의원비례대표,새누리당 이정애 / 새정치민주연합 차예경 / 
경남,의령군,구시군의원,새누리당 오용 / 새누리당 강영원 / 무소속 전병원 / 새누리당 김철호 / 무소속 서철진 / 새누리당 손호현 / 새누리당 손태영 / 새누리당 문봉도 / 무소속 김규찬 / 
경남,의령군,구시군장,무소속 오영호 / 
경남,의령군,기초의원비례대표,새누리당 김봉남 / 
경남,진주시,구시군의원,새누리당 정영재 / 무소속 천효운 / 새누리당 조현신 / 새누리당 박미경 / 통합진보당 류재수 / 새누리당 심현보 / 무소속 구자경 / 새누리당 이성환 / 무소속 서은애 / 새누리당 이인기 / 새누리당 정철규 / 새누리당 심광영 / 무소속 강갑중 / 무소속 강민아 / 새누리당 김홍규 / 무소속 서정인 / 새누리당 남정만 / 새누리당 강길선 / 
경남,진주시,구시군장,새누리당 이창희 / 
경남,진주시,기초의원비례대표,새누리당 류영주 / 새정치민주연합 허정림 / 
경남,창녕군,구시군의원,새누리당 박재홍 / 새누리당 안홍욱 / 새누리당 김우식 / 새누리당 손태환 / 새누리당 이기호 / 새누리당 이상주 / 무소속 장희용 / 새누리당 박상재 / 새누리당 이칠봉 / 
경남,창녕군,구시군장,새누리당 김충식 / 
경남,창녕군,기초의원비례대표,새누리당 유영숙 / 새정치민주연합 서경순 / 
경남,창원시마산합포구,구시군의원,새누리당 김이근 / 새누리당 이천수 / 새누리당 정쌍학 / 무소속 이옥선 / 새누리당 박옥순 / 새누리당 김재철 / 새누리당 황일두 / 새누리당 김순식 / 
경남,창원시마산회원구,구시군의원,새누리당 노종래 / 통합진보당 송순호 / 새누리당 노판식 / 새정치민주연합 김종대 / 새누리당 조영명 / 새누리당 이상인 / 새정치민주연합 손태화 / 
경남,창원시성산구,구시군의원,새누리당 이찬호 / 통합진보당 정영주 / 새누리당 강호상 / 새정치민주연합 김삼모 / 무소속 노창섭 / 새누리당 강장순 / 통합진보당 김석규 / 
경남,창원시의창구,구시군의원,새누리당 김우돌 / 새누리당 김동수 / 새정치민주연합 김장하 / 새누리당 방종근 / 새정치민주연합 주철우 / 통합진보당 강영희 / 새누리당 이희철 / 새정치민주연합 공창섭 / 
경남,창원시의창구,구시군장,새누리당 안상수 / 
경남,창원시의창구,기초의원비례대표,새누리당 김영미 / 새누리당 배여진 / 새누리당 배옥숙 / 새정치민주연합 한은정 / 새정치민주연합 이민희 / 
경남,창원시진해구,구시군의원,새누리당 유원석 / 새누리당 김헌일 / 새누리당 박춘덕 / 새누리당 김성일 / 새누리당 이치우 / 무소속 김하용 / 새누리당 이해련 / 새누리당 전수명 / 
경남,통영시,구시군의원,새누리당 강정관 / 새누리당 유정철 / 새누리당 전병일 / 새누리당 문성덕 / 새누리당 손쾌환 / 새누리당 강혜원 / 무소속 구상식 / 새누리당 김만옥 / 무소속 강근식 / 새누리당 김미옥 / 무소속 황수배 / 
경남,통영시,구시군장,새누리당 김동진 / 
경남,통영시,기초의원비례대표,새누리당 김이순 / 새정치민주연합 배윤주 / 
경남,하동군,구시군의원,새누리당 김선규 / 무소속 김종환 / 새누리당 서임수 / 새누리당 김진태 / 무소속 정의근 / 새누리당 손영길 / 새누리당 성석경 / 새누리당 김봉학 / 무소속 하인호 / 
경남,하동군,구시군장,무소속 윤상기 / 
경남,하동군,기초의원비례대표,새누리당 강희순 / 새정치민주연합 강상례 / 
경남,함안군,구시군의원,새누리당 안상식 / 새누리당 제명철 / 통합진보당 김주석 / 새누리당 조현종 / 무소속 박용순 / 새누리당 김정선 / 무소속 권병철 / 새누리당 곽세훈 / 새누리당 김현수 / 
경남,함안군,구시군장,새누리당 차정섭 / 
경남,함안군,기초의원비례대표,새누리당 김윤란 / 
경남,함양군,구시군의원,새누리당 유성학 / 새누리당 박기정 / 새누리당 임재구 / 새누리당 황태진 / 새누리당 박용운 / 무소속 이경규 / 새누리당 박준석 / 새누리당 박병옥 / 무소속 김윤택 / 
경남,함양군,구시군장,새누리당 임창호 / 
경남,함양군,기초의원비례대표,새누리당 김정희 / 
경남,합천군,구시군의원,새누리당 박홍제 / 새누리당 이용균 / 새누리당 조삼술 / 새누리당 이창균 / 새누리당 박중무 / 무소속 석만진 / 무소속 김성만 / 새누리당 허종홍 / 무소속 배몽희 / 
경남,합천군,구시군장,새누리당 하창환 / 
경남,합천군,기초의원비례대표,새누리당 최정옥 / 새누리당 박안나 / 
경북,경산시,구시군의원,새누리당 최춘영 / 새누리당 최덕수 / 정의당 엄정애 / 새누리당 윤기현 / 새누리당 이기동 / 새누리당 이창대 / 무소속 강수명 / 새누리당 이천수 / 새누리당 정병택 / 무소속 안문길 / 새누리당 허순옥 / 새누리당 안주현 / 새누리당 김종근 / 
경북,경산시,구시군장,새누리당 최영조 / 
경북,경산시,기초의원비례대표,새누리당 박미옥 / 새누리당 이철식 / 
경북,경주시,구시군의원,새누리당 김성수 / 새누리당 한현태 / 새누리당 서호대 / 새누리당 이동은 / 새누리당 박귀룡 / 새누리당 한순희 / 무소속 손경익 / 새누리당 권영길 / 새누리당 엄순섭 / 새누리당 이철우 / 무소속 정문락 / 새누리당 김성규 / 무소속 윤병길 / 새누리당 김항대 / 새누리당 박승직 / 무소속 김동해 / 새누리당 최덕규 / 새누리당 김병도 / 
경북,경주시,구시군장,새누리당 최양식 / 
경북,경주시,기초의원비례대표,새누리당 김영희 / 새누리당 장동호 / 새정치민주연합 정현주 / 
경북,고령군,구시군의원,새누리당 이영희 / 새누리당 배영백 / 무소속 조영식 / 새누리당 이달호 / 새누리당 손형순 / 새누리당 김순분 / 
경북,고령군,구시군장,새누리당 곽용환 / 
경북,고령군,기초의원비례대표,새누리당 김경애 / 
경북,구미시,구시군의원,새누리당 김재상 / 새누리당 박세진 / 새정치민주연합 안장환 / 새누리당 손홍섭 / 새누리당 정하영 / 무소속 박교상 / 새누리당 김익수 / 무소속 김정곤 / 새누리당 김상조 / 무소속 허복 / 새누리당 안주찬 / 새누리당 윤영철 / 새누리당 김태근 / 새누리당 한성희 / 새누리당 권기만 / 무소속 윤종호 / 새누리당 임춘구 / 새누리당 양진오 / 새누리당 정근수 / 무소속 강승수 / 
경북,구미시,구시군장,새누리당 남유진 / 
경북,구미시,기초의원비례대표,새누리당 김복자 / 새누리당 김인배 / 새정치민주연합 김근아 / 
경북,군위군,구시군의원,새누리당 김정애 / 새누리당 김윤진 / 무소속 이혁준 / 새누리당 김영호 / 무소속 박창석 / 무소속 심칠 / 
경북,군위군,구시군장,무소속 김영만 / 
경북,군위군,기초의원비례대표,새누리당 홍복순 / 
경북,김천시,구시군의원,새누리당 백성철 / 새누리당 최원호 / 무소속 이우청 / 새누리당 진기상 / 새누리당 김세운 / 새누리당 박광수 / 새누리당 김병철 / 새누리당 황병학 / 새누리당 배낙호 / 새누리당 조익현 / 새누리당 이명기 / 무소속 이진화 / 새누리당 이선명 / 무소속 나영민 / 무소속 박희주 / 
경북,김천시,구시군장,새누리당 박보생 / 
경북,김천시,기초의원비례대표,새누리당 전계숙 / 새누리당 박근혜 / 
경북,문경시,구시군의원,새누리당 안직상 / 무소속 김지현 / 새누리당 이상진 / 새누리당 이응천 / 무소속 노태화 / 새누리당 김인호 / 새누리당 권영하 / 새누리당 김창기 / 새누리당 안광일 / 
경북,문경시,구시군장,새누리당 고윤환 / 
경북,문경시,기초의원비례대표,새누리당 김영옥 / 
경북,봉화군,구시군의원,새누리당 김희무 / 무소속 김영창 / 새누리당 김장한 / 새누리당 황재현 / 새누리당 김제일 / 무소속 권영준 / 무소속 이상식 / 
경북,봉화군,구시군장,새누리당 박노욱 / 
경북,봉화군,기초의원비례대표,새누리당 김상희 / 
경북,상주시,구시군의원,새누리당 황태하 / 새누리당 최경철 / 새누리당 김태희 / 무소속 안창수 / 새누리당 임부기 / 새누리당 남영숙 / 무소속 김성태 / 새누리당 조준섭 / 무소속 정재현 / 새누리당 김진욱 / 새누리당 정갑영 / 새누리당 김홍구 / 새누리당 안경숙 / 새누리당 변해광 / 무소속 이충후 / 
경북,상주시,구시군장,무소속 이정백 / 
경북,상주시,기초의원비례대표,새누리당 성재분 / 새누리당 민병조 / 
경북,성주군,구시군의원,새누리당 도정태 / 새누리당 이성재 / 새누리당 백철현 / 새누리당 배재만 / 새누리당 김명석 / 새누리당 배명호 / 새누리당 곽길영 / 
경북,성주군,구시군장,새누리당 김항곤 / 
경북,성주군,기초의원비례대표,새누리당 배복수 / 
경북,안동시,구시군의원,새누리당 김성진 / 무소속 정훈선 / 새누리당 권남희 / 새누리당 김은한 / 새누리당 김백현 / 새누리당 권기탁 / 새누리당 권기익 / 무소속 이재갑 / 새누리당 김한규 / 무소속 이상근 / 새누리당 권광택 / 무소속 김호석 / 새누리당 김대일 / 무소속 손광영 / 새누리당 김수현 / 무소속 김경도 / 
경북,안동시,구시군장,새누리당 권영세 / 
경북,안동시,기초의원비례대표,새누리당 이영자 / 새누리당 남윤찬 / 
경북,영덕군,구시군의원,새누리당 최재열 / 새누리당 이강석 / 무소속 하병두 / 새누리당 김성호 / 새누리당 박기조 / 새누리당 손달희 / 
경북,영덕군,구시군장,새누리당 이희진 / 
경북,영덕군,기초의원비례대표,새누리당 김은희 / 
경북,영양군,구시군의원,새누리당 김시홍 / 무소속 장영호 / 무소속 김형민 / 새누리당 이병국 / 새누리당 박상도 / 새누리당 김국현 / 
경북,영양군,구시군장,새누리당 권영택 / 
경북,영양군,기초의원비례대표,새누리당 오창옥 / 
경북,영주시,구시군의원,새누리당 이규덕 / 새누리당 이중호 / 새누리당 심재연 / 무소속 이영호 / 새누리당 장성태 / 새누리당 김현익 / 새누리당 강정구 / 새누리당 송명애 / 새누리당 신수인 / 무소속 이재형 / 새누리당 전영탁 / 새누리당 박찬훈 / 
경북,영주시,구시군장,새누리당 장욱현 / 
경북,영주시,기초의원비례대표,새누리당 황윤점 / 새누리당 이재욱 / 
경북,영천시,구시군의원,새누리당 이춘우 / 새누리당 모석종 / 새누리당 허순애 / 새누리당 정기택 / 새누리당 권호락 / 새누리당 정연복 / 새누리당 김영모 / 새누리당 전종천 / 새누리당 김찬주 / 무소속 이상근 / 
경북,영천시,구시군장,새누리당 김영석 / 
경북,영천시,기초의원비례대표,새누리당 김순화 / 새누리당 박보근 / 
경북,예천군,구시군의원,새누리당 이철우 / 무소속 황병일 / 새누리당 도국환 / 무소속 조경섭 / 새누리당 최병욱 / 무소속 정운오 / 새누리당 권영일 / 새누리당 김은수 / 
경북,예천군,구시군장,새누리당 이현준 / 
경북,예천군,기초의원비례대표,새누리당 김후남 / 
경북,울릉군,구시군의원,새누리당 최경환 / 새누리당 정인식 / 새누리당 정성환 / 무소속 공경식 / 새누리당 이철우 / 무소속 박인도 / 
경북,울릉군,구시군장,새누리당 최수일 / 
경북,울릉군,기초의원비례대표,새누리당 한남조 / 
경북,울진군,구시군의원,새누리당 임형욱 / 무소속 장시원 / 새누리당 장유덕 / 무소속 김창오 / 새누리당 백정례 / 새누리당 안순자 / 무소속 이세진 / 
경북,울진군,구시군장,새누리당 임광원 / 
경북,울진군,기초의원비례대표,새누리당 남은경 / 
경북,의성군,구시군의원,새누리당 배광우 / 새누리당 남동화 / 무소속 최유철 / 새누리당 김영수 / 새누리당 신원호 / 새누리당 김동준 / 새누리당 김진수 / 새누리당 우종우 / 새누리당 김명국 / 새누리당 정도진 / 무소속 서용환 / 
경북,의성군,구시군장,새누리당 김주수 / 
경북,의성군,기초의원비례대표,새누리당 임태선 / 새누리당 권순락 / 
경북,청도군,구시군의원,새누리당 김태율 / 새누리당 조성호 / 새누리당 예규대 / 새누리당 김태수 / 새누리당 양정석 / 무소속 변일규 / 
경북,청도군,구시군장,새누리당 이승율 / 
경북,청도군,기초의원비례대표,새누리당 김점숙 / 
경북,청송군,구시군의원,새누리당 이광호 / 새누리당 신효광 / 무소속 강경탁 / 새누리당 박승환 / 새누리당 이성우 / 무소속 현시학 / 
경북,청송군,구시군장,무소속 한동수 / 
경북,청송군,기초의원비례대표,새누리당 정미진 / 
경북,칠곡군,구시군의원,새누리당 정순재 / 새누리당 장재환 / 새누리당 배완섭 / 무소속 이택용 / 새누리당 장세학 / 새누리당 김학희 / 무소속 이재호 / 새누리당 이상천 / 무소속 조기석 / 
경북,칠곡군,구시군장,새누리당 백선기 / 
경북,칠곡군,기초의원비례대표,새누리당 한향숙 / 
경북,포항시남구,구시군의원,새누리당 김우현 / 새누리당 장복덕 / 새누리당 이상근 / 새누리당 문명호 / 무소속 이순동 / 새누리당 정해종 / 새누리당 방진길 / 새누리당 이나겸 / 새누리당 이해수 / 새누리당 정석준 / 새누리당 이상훈 / 새누리당 서재원 / 새누리당 이동걸 / 새누리당 이재진 / 
경북,포항시남구,구시군장,새누리당 이강덕 / 
경북,포항시남구,기초의원비례대표,새누리당 강필순 / 새누리당 이용성 / 새누리당 홍필남 / 새정치민주연합 박희정 / 
경북,포항시북구,구시군의원,새누리당 이칠구 / 새누리당 백강훈 / 무소속 박경열 / 새누리당 한진욱 / 새누리당 정수화 / 새누리당 차동찬 / 새누리당 백인규 / 새누리당 김일만 / 새누리당 안병국 / 새누리당 김상원 / 무소속 복덕규 / 새누리당 박승훈 / 새누리당 김성조 / 새정치민주연합 김상민 / 
광주,광산구,구시군의원,새누리당 박삼용 / 새정치민주연합 정병채 / 새정치민주연합 김동권 / 새정치민주연합 차경섭 / 새정치민주연합 김광란 / 새정치민주연합 이영순 / 통합진보당 김선미 / 새정치민주연합 이준형 / 새정치민주연합 조상현 / 통합진보당 정진아 / 새정치민주연합 조승유 / 새정치민주연합 최병식 / 새정치민주연합 김동호 / 새정치민주연합 임이엽 / 
광주,광산구,구시군장,새정치민주연합 민형배 / 
광주,광산구,기초의원비례대표,새정치민주연합 정경남 / 새정치민주연합 최순이 / 
광주,남구(광주),구시군의원,새정치민주연합 강원호 / 새정치민주연합 남광인 / 새정치민주연합 김점기 / 새정치민주연합 박용화 / 새정치민주연합 이창호 / 새정치민주연합 박희율 / 새정치민주연합 조기주 / 새정치민주연합 하주아 / 통합진보당 배진하 / 
광주,남구(광주),구시군장,새정치민주연합 최영호 / 
광주,남구(광주),기초의원비례대표,새정치민주연합 임순애 / 새정치민주연합 황경아 / 
광주,동구,구시군의원,새정치민주연합 조승민 / 새정치민주연합 김성숙 / 무소속 홍기월 / 새정치민주연합 조기춘 / 새정치민주연합 이선순 / 새정치민주연합 박대현 / 무소속 박종균 / 
광주,동구,구시군장,새정치민주연합 노희용 / 
광주,동구,기초의원비례대표,새정치민주연합 전영원 / 
광주,북구(광주),구시군의원,새정치민주연합 고점례 / 통합진보당 고영봉 / 새정치민주연합 심재섭 / 새정치민주연합 최무송 / 새정치민주연합 마광민 / 새정치민주연합 최기영 / 새정치민주연합 신수정 / 새정치민주연합 최홍용 / 새정치민주연합 조석호 / 새정치민주연합 이부일 / 통합진보당 소재섭 / 새정치민주연합 이창재 / 새정치민주연합 양일옥 / 통합진보당 김현정 / 새정치민주연합 김상훈 / 새정치민주연합 이관식 / 새정치민주연합 이병석 / 새정치민주연합 유관운 / 
광주,북구(광주),구시군장,새정치민주연합 송광운 / 
광주,북구(광주),기초의원비례대표,새정치민주연합 김영순 / 새정치민주연합 장영희 / 
광주,서구(광주),구시군의원,새정치민주연합 장재성 / 새정치민주연합 김광태 / 통합진보당 이대행 / 새정치민주연합 오광록 / 새정치민주연합 오광교 / 통합진보당 김태진 / 새정치민주연합 이동춘 / 새정치민주연합 백종한 / 새정치민주연합 황현택 / 새정치민주연합 김옥수 / 통합진보당 김은아 / 
광주,서구(광주),구시군장,새정치민주연합 임우진 / 
광주,서구(광주),기초의원비례대표,새정치민주연합 정순애 / 새정치민주연합 윤정민 / 
대구,남구(대구),구시군의원,새누리당 서석만 / 새누리당 배문현 / 새누리당 박우근 / 새누리당 홍대환 / 새누리당 권오준 / 무소속 송순옥 / 새누리당 김종숙 / 무소속 박순옥 / 
대구,남구(대구),구시군장,새누리당 임병헌 / 
대구,남구(대구),기초의원비례대표,새누리당 이정숙 / 
대구,달서구,구시군의원,새누리당 안대국 / 무소속 이영애 / 새누리당 서재령 / 무소속 장태완 / 새누리당 김화덕 / 새정치민주연합 이유경 / 무소속 허시영 / 새누리당 배보용 / 새누리당 박왕규 / 새누리당 배용식 / 새정치민주연합 김성태 / 새누리당 김해철 / 새누리당 우점기 / 새누리당 황순자 / 새누리당 박병태 / 새누리당 이기주 / 새누리당 구상모 / 새정치민주연합 박병주 / 새누리당 이천옥 / 새누리당 전태선 / 새정치민주연합 김귀화 / 
대구,달서구,구시군장,새누리당 곽대훈 / 
대구,달서구,기초의원비례대표,새누리당 서정효 / 새누리당 최상극 / 새정치민주연합 홍복조 / 
대구,달성군,구시군의원,새누리당 하중환 / 새누리당 하용하 / 새누리당 구자학 / 새누리당 채명지 / 새누리당 김상영 / 새누리당 김성택 / 무소속 엄윤탁 / 
대구,달성군,구시군장,새누리당 김문오 / 
대구,달성군,기초의원비례대표,새누리당 신영희 / 
대구,동구,구시군의원,새누리당 권오수 / 새누리당 전영권 / 새정치민주연합 김원재 / 새누리당 김옥란 / 새누리당 신종하 / 새누리당 박소영 / 새누리당 차수환 / 새누리당 김종태 / 새누리당 서정해 / 새누리당 허진구 / 새누리당 이재숙 / 새누리당 최대석 / 새누리당 정인숙 / 새누리당 최걸영 / 
대구,동구,구시군장,새누리당 강대식 / 
대구,동구,기초의원비례대표,새누리당 박종희 / 새정치민주연합 노남옥 / 
대구,북구(대구),구시군의원,새누리당 고인경 / 새누리당 이성재 / 새누리당 김상혁 / 무소속 이강열 / 새누리당 백종현 / 새누리당 차대식 / 무소속 유병철 / 새누리당 이승훈 / 새누리당 이차수 / 새정치민주연합 이헌태 / 새누리당 이동욱 / 새누리당 황영만 / 새누리당 윤은경 / 정의당 이영재 / 새누리당 김재용 / 새누리당 하병문 / 새누리당 김준호 / 새누리당 구본탁 / 
대구,북구(대구),구시군장,새누리당 배광식 / 
대구,북구(대구),기초의원비례대표,새누리당 신경희 / 새정치민주연합 장윤영 / 
대구,서구(대구),구시군의원,새누리당 안영철 / 새누리당 김진출 / 새누리당 정영수 / 새누리당 조영순 / 새정치민주연합 오세광 / 새누리당 홍병헌 / 새누리당 임태상 / 새누리당 김종록 / 새누리당 김준범 / 노동당 장태수 / 
대구,서구(대구),구시군장,새누리당 류한국 / 
대구,서구(대구),기초의원비례대표,새누리당 손복자 / 새누리당 김경호 / 
대구,수성구,구시군의원,새누리당 황기호 / 무소속 김희섭 / 새누리당 유춘근 / 새누리당 김숙자 / 새정치민주연합 강민구 / 새누리당 최진태 / 새누리당 김삼조 / 새누리당 강석훈 / 정의당 김성년 / 무소속 서상국 / 새누리당 홍경임 / 새누리당 김진환 / 새누리당 박소현 / 새누리당 조규화 / 새누리당 조용성 / 무소속 박원식 / 새누리당 김태원 / 무소속 석철 / 
대구,수성구,구시군장,새누리당 이진훈 / 
대구,수성구,기초의원비례대표,새누리당 이영선 / 새정치민주연합 정애향 / 
대구,중구(대구),구시군의원,새누리당 김중호 / 새누리당 홍인표 / 새정치민주연합 신범식 / 새누리당 이만규 / 새누리당 배삼용 / 무소속 오상석 / 
대구,중구(대구),구시군장,새누리당 윤순영 / 
대구,중구(대구),기초의원비례대표,새누리당 김영숙 / 
대전,대덕구,구시군의원,새누리당 김금자 / 새정치민주연합 박종래 / 새누리당 윤성환 / 새누리당 김수연 / 새정치민주연합 이금자 / 새누리당 박현주 / 새정치민주연합 문성원 / 새정치민주연합 이세형 / 
대전,대덕구,구시군장,새누리당 박수범 / 
대전,대덕구,기초의원비례대표,새정치민주연합 서미경 / 
대전,동구,구시군의원,새누리당 오관영 / 새정치민주연합 강정규 / 새누리당 박선용 / 새정치민주연합 심현보 / 새누리당 김종성 / 새누리당 유택호 / 새정치민주연합 송석범 / 새누리당 원용석 / 새정치민주연합 이나영 / 
대전,동구,구시군장,새정치민주연합 한현택 / 
대전,동구,기초의원비례대표,새누리당 박영순 / 새정치민주연합 박민자 / 
대전,서구(대전),구시군의원,새누리당 박양주 / 새정치민주연합 최규 / 새정치민주연합 김영미 / 새누리당 조성호 / 새누리당 장미화 / 새정치민주연합 이광복 / 새누리당 박종배 / 새정치민주연합 류명현 / 새정치민주연합 장진섭 / 새누리당 김경석 / 새정치민주연합 최치상 / 새정치민주연합 손혜미 / 새누리당 김철권 / 새정치민주연합 김창관 / 새정치민주연합 홍준기 / 새누리당 이한영 / 새누리당 윤황식 / 새정치민주연합 이선용 / 
대전,서구(대전),구시군장,새정치민주연합 장종태 / 
대전,서구(대전),기초의원비례대표,새누리당 정현서 / 새정치민주연합 전명자 / 
대전,유성구,구시군의원,새누리당 권영진 / 새누리당 송봉식 / 새정치민주연합 민태권 / 새정치민주연합 김양경 / 새정치민주연합 노승연 / 새누리당 설장수 / 새정치민주연합 하경옥 / 새누리당 이희환 / 새정치민주연합 구본환 / 
대전,유성구,구시군장,새정치민주연합 허태정 / 
대전,유성구,기초의원비례대표,새누리당 강숙자 / 새정치민주연합 이금선 / 
대전,중구(대전),구시군의원,새누리당 김연수 / 새정치민주연합 육상래 / 새정치민주연합 하재붕 / 새누리당 이정수 / 새정치민주연합 김귀태 / 새누리당 문제광 / 새정치민주연합 유수열 / 새누리당 조재철 / 새누리당 최경식 / 새정치민주연합 홍순국 / 
대전,중구(대전),구시군장,새정치민주연합 박용갑 / 
대전,중구(대전),기초의원비례대표,새누리당 박주화 / 새정치민주연합 오인애 / 
부산,강서구(부산),구시군의원,새누리당 김부근 / 새정치민주연합 손동호 / 무소속 조현상 / 새누리당 정옥영 / 새정치민주연합 전태섭 / 무소속 최일근 / 
부산,강서구(부산),구시군장,새누리당 노기태 / 
부산,강서구(부산),기초의원비례대표,새누리당 이혜미 / 
부산,금정구,구시군의원,새누리당 김성수 / 새정치민주연합 조준영 / 새누리당 김경윤 / 새정치민주연합 정종민 / 새누리당 홍완표 / 새정치민주연합 정미영 / 새누리당 김호숙 / 새정치민주연합 박종성 / 새누리당 박정운 / 새누리당 최봉환 / 새정치민주연합 박인영 / 
부산,금정구,구시군장,새누리당 원정희 / 
부산,금정구,기초의원비례대표,새누리당 하은미 / 새정치민주연합 오희주 / 
부산,기장군,구시군의원,새누리당 백영희 / 새누리당 김정우 / 새정치민주연합 이현만 / 새누리당 김대군 / 새누리당 박홍복 / 새누리당 이승우 / 새정치민주연합 권상섭 / 
부산,기장군,구시군장,무소속 오규석 / 
부산,기장군,기초의원비례대표,새누리당 문정숙 / 
부산,남구(부산),구시군의원,새누리당 김병태 / 새정치민주연합 정희영 / 새누리당 조상진 / 새정치민주연합 박기홍 / 새누리당 박미순 / 새정치민주연합 유장근 / 새누리당 김광명 / 새정치민주연합 반선호 / 새누리당 송상일 / 새누리당 성동환 / 새정치민주연합 박재범 / 새누리당 이호승 / 새정치민주연합 이강영 / 
부산,남구(부산),구시군장,새누리당 이종철 / 
부산,남구(부산),기초의원비례대표,새누리당 윤명희 / 새정치민주연합 김성경 / 
부산,동구,구시군의원,새누리당 이상태 / 무소속 이철조 / 새누리당 이상욱 / 무소속 박충남 / 새누리당 오미라 / 새누리당 이강석 / 새정치민주연합 박동철 / 
부산,동구,구시군장,새누리당 박삼석 / 
부산,동구,기초의원비례대표,새누리당 오홍자 / 
부산,동래구,구시군의원,새누리당 배종관 / 새정치민주연합 백홍두 / 새누리당 장성우 / 새누리당 최수용 / 새정치민주연합 하성기 / 새누리당 정명규 / 새정치민주연합 류숙현 / 새누리당 박홍제 / 새누리당 천만호 / 새정치민주연합 안성태 / 
부산,동래구,구시군장,새누리당 전광우 / 
부산,동래구,기초의원비례대표,새누리당 여태자 / 새정치민주연합 주순희 / 
부산,부산진구,구시군의원,새누리당 박희용 / 새정치민주연합 장강식 / 새누리당 문영미 / 새누리당 이석조 / 새정치민주연합 배용준 / 새누리당 석광준 / 새정치민주연합 김태수 / 새누리당 이영석 / 새정치민주연합 정상채 / 새누리당 김동효 / 새정치민주연합 손용구 / 새누리당 김재운 / 새누리당 김진수 / 새누리당 배영숙 / 새누리당 권수용 / 새누리당 강외희 / 새정치민주연합 류종주 / 
부산,부산진구,구시군장,새누리당 하계열 / 
부산,부산진구,기초의원비례대표,새누리당 안남연 / 새정치민주연합 김선순 / 
부산,북구(부산),구시군의원,새누리당 김정방 / 새정치민주연합 김만종 / 새누리당 김효정 / 새정치민주연합 문영남 / 새누리당 고관호 / 새정치민주연합 문영경 / 새누리당 윤인자 / 새정치민주연합 이동호 / 새누리당 윤성만 / 새정치민주연합 이선주 / 새정치민주연합 정기수 / 
부산,북구(부산),구시군장,새누리당 황재관 / 
부산,북구(부산),기초의원비례대표,새누리당 권영숙 / 새정치민주연합 성효림 / 
부산,사상구,구시군의원,새누리당 정효진 / 새정치민주연합 김민원 / 새누리당 조송은 / 새누리당 이종구 / 새누리당 김정언 / 새정치민주연합 정성렬 / 새누리당 양두영 / 새정치민주연합 김두현 / 새누리당 이상관 / 새정치민주연합 장인수 / 
부산,사상구,구시군장,새누리당 송숙희 / 
부산,사상구,기초의원비례대표,새누리당 김춘화 / 새정치민주연합 황윤경 / 
부산,사하구,구시군의원,새누리당 노승중 / 새정치민주연합 김동하 / 무소속 배진수 / 새누리당 조문선 / 새누리당 강달수 / 새정치민주연합 전원석 / 새누리당 채창섭 / 새누리당 최영만 / 새정치민주연합 이용덕 / 새누리당 배관구 / 새정치민주연합 이병관 / 새누리당 박정순 / 새정치민주연합 오다겸 / 
부산,사하구,구시군장,새누리당 이경훈 / 
부산,사하구,기초의원비례대표,새누리당 전영애 / 새정치민주연합 허선례 / 
부산,서구(부산),구시군의원,새누리당 류차열 / 새정치민주연합 정진영 / 새누리당 이석희 / 새누리당 송상조 / 새누리당 김영전 / 무소속 엄주정 / 새누리당 변태환 / 새정치민주연합 이정향 / 
부산,서구(부산),구시군장,새누리당 박극제 / 
부산,서구(부산),기초의원비례대표,새누리당 배은주 / 
부산,수영구,구시군의원,새누리당 이정희 / 새정치민주연합 이정화 / 새누리당 이애라 / 새정치민주연합 박경훈 / 새누리당 김정수 / 새누리당 김덕수 / 새정치민주연합 장성기 / 
부산,수영구,구시군장,새누리당 박현욱 / 
부산,수영구,기초의원비례대표,새누리당 곽봉자 / 
부산,연제구,구시군의원,새누리당 박재식 / 새누리당 한근아 / 새정치민주연합 김광수 / 새누리당 주석수 / 새정치민주연합 김봉석 / 새누리당 이헌조 / 새누리당 김용을 / 새누리당 김원오 / 통합진보당 노정현 / 
부산,연제구,구시군장,새누리당 이위준 / 
부산,연제구,기초의원비례대표,새누리당 김옥란 / 
부산,영도구,구시군의원,새누리당 심윤정 / 새누리당 이경춘 / 새누리당 김재식 / 새정치민주연합 김지영 / 새누리당 고대영 / 새정치민주연합 박성윤 / 새누리당 한영현 / 새정치민주연합 정태복 / 
부산,영도구,구시군장,새누리당 어윤태 / 
부산,영도구,기초의원비례대표,새누리당 안주현 / 
부산,중구(부산),구시군의원,새누리당 이길희 / 새누리당 금동욱 / 새정치민주연합 김시형 / 새누리당 김영면 / 새정치민주연합 황병연 / 무소속 최진봉 / 
부산,중구(부산),구시군장,새누리당 김은숙 / 
부산,중구(부산),기초의원비례대표,새누리당 윤정운 / 
부산,해운대구,구시군의원,새누리당 손유정 / 새누리당 한병철 / 새정치민주연합 심윤정 / 새누리당 정성철 / 새정치민주연합 최영곤 / 새누리당 임말숙 / 새정치민주연합 박욱영 / 새누리당 홍성운 / 새누리당 서강식 / 새누리당 이문환 / 새정치민주연합 김삼수 / 새누리당 조영진 / 새정치민주연합 이명원 / 새누리당 황병두 / 새누리당 서정학 / 
부산,해운대구,구시군장,새누리당 백선기 / 
부산,해운대구,기초의원비례대표,새누리당 오경미 / 새정치민주연합 유점자 / 
서울,강남구,구시군의원,새누리당 양승미 / 새정치민주연합 송만호 / 새누리당 이재민 / 새정치민주연합 여선웅 / 새누리당 김명옥 / 새정치민주연합 서경원 / 새누리당 이재진 / 새누리당 한용대 / 새정치민주연합 이관수 / 새누리당 박남순 / 새정치민주연합 이경옥 / 새누리당 최민숙 / 새정치민주연합 문인옥 / 새누리당 오완진 / 새정치민주연합 문백한 / 새누리당 이호귀 / 새누리당 김병호 / 새정치민주연합 윤선근 / 
서울,강남구,구시군장,새누리당 신연희 / 
서울,강남구,기초의원비례대표,새누리당 이인화 / 새누리당 최중현 / 새정치민주연합 김광심 / 
서울,강동구,구시군의원,새누리당 조용구 / 새정치민주연합 이준형 / 새누리당 박재윤 / 새정치민주연합 성임제 / 새누리당 신윤재 / 새정치민주연합 박찬호 / 새누리당 김용철 / 새정치민주연합 임춘희 / 새누리당 제갑섭 / 새정치민주연합 김종범 / 새누리당 조동탁 / 새정치민주연합 송명화 / 새누리당 김영철 / 새정치민주연합 황인구 / 새누리당 안병덕 / 새정치민주연합 김연후 / 
서울,강동구,구시군장,새정치민주연합 이해식 / 
서울,강동구,기초의원비례대표,새누리당 신무연 / 새정치민주연합 황주영 / 
서울,강북구,구시군의원,새누리당 유인애 / 새정치민주연합 김영준 / 새정치민주연합 김동식 / 새누리당 장동우 / 새정치민주연합 김도연 / 새정치민주연합 이백균 / 새누리당 이정식 / 새정치민주연합 이용균 / 새정치민주연합 이영심 / 새누리당 한동진 / 새정치민주연합 박문수 / 무소속 구본승 / 
서울,강북구,구시군장,새정치민주연합 박겸수 / 
서울,강북구,기초의원비례대표,새누리당 김명숙 / 새정치민주연합 강선경 / 
서울,강서구(서울),구시군의원,새누리당 고재익 / 새정치민주연합 이의걸 / 새정치민주연합 조기만 / 새누리당 김용원 / 새정치민주연합 박상구 / 새누리당 경기문 / 새정치민주연합 김병진 / 새누리당 황동현 / 새정치민주연합 장상기 / 새정치민주연합 신창욱 / 새누리당 김동협 / 새정치민주연합 곽판구 / 새누리당 심근수 / 새정치민주연합 공병선 / 새누리당 탁수명 / 새정치민주연합 이영철 / 새누리당 김성진 / 새정치민주연합 이연구 / 
서울,강서구(서울),구시군장,새정치민주연합 노현송 / 
서울,강서구(서울),기초의원비례대표,새누리당 강미영 / 새정치민주연합 정정희 / 
서울,관악구,구시군의원,새누리당 김종길 / 새누리당 임춘수 / 새정치민주연합 송도호 / 새누리당 임창빈 / 새정치민주연합 이성심 / 새누리당 백성원 / 새정치민주연합 장현수 / 새정치민주연합 오준섭 / 새누리당 권오식 / 새정치민주연합 왕정순 / 새누리당 반명순 / 새정치민주연합 주순자 / 새정치민주연합 소남열 / 새누리당 민영진 / 새정치민주연합 길용환 / 새누리당 장동식 / 새정치민주연합 송정애 / 새누리당 이동일 / 새정치민주연합 김정애 / 
서울,관악구,구시군장,새정치민주연합 유종필 / 
서울,관악구,기초의원비례대표,새누리당 차정희 / 새정치민주연합 곽광자 / 새정치민주연합 권미성 / 
서울,광진구,구시군의원,새누리당 안문환 / 새누리당 공영목 / 새정치민주연합 전병주 / 새누리당 이상욱 / 새정치민주연합 김기란 / 새정치민주연합 고양석 / 새누리당 김영옥 / 새정치민주연합 박삼례 / 새정치민주연합 김수범 / 새누리당 정관훈 / 새정치민주연합 김창현 / 새정치민주연합 지경원 / 
서울,광진구,구시군장,새정치민주연합 김기동 / 
서울,광진구,기초의원비례대표,새누리당 김기선 / 새정치민주연합 오현정 / 
서울,구로구,구시군의원,새정치민주연합 박칠성 / 새누리당 박용순 / 새누리당 최숙자 / 새정치민주연합 박종현 / 새누리당 서호연 / 새정치민주연합 이호대 / 새누리당 정대근 / 새정치민주연합 김영곤 / 새정치민주연합 윤수찬 / 새누리당 박평길 / 새정치민주연합 박동웅 / 새누리당 곽윤희 / 새정치민주연합 김명조 / 노동당 김희서 / 
서울,구로구,구시군장,새정치민주연합 이성 / 
서울,구로구,기초의원비례대표,새누리당 박종여 / 새정치민주연합 정동순 / 
서울,금천구,구시군의원,새누리당 박찬길 / 새정치민주연합 김경완 / 새누리당 정병재 / 새정치민주연합 강태섭 / 무소속 김영섭 / 새누리당 김용진 / 새정치민주연합 백승권 / 새누리당 박만선 / 새정치민주연합 류명기 / 
서울,금천구,구시군장,새정치민주연합 차성수 / 
서울,금천구,기초의원비례대표,새정치민주연합 이경옥 / 
서울,노원구,구시군의원,새누리당 변석주 / 새정치민주연합 오광택 / 새정치민주연합 오한아 / 새누리당 임재혁 / 새정치민주연합 최윤남 / 새정치민주연합 정도열 / 새누리당 김경태 / 새정치민주연합 봉양순 / 새정치민주연합 정성욱 / 새누리당 마은주 / 새정치민주연합 이경철 / 새정치민주연합 김승애 / 새누리당 손명영 / 새정치민주연합 김미영 / 새정치민주연합 김치환 / 새누리당 이한국 / 새정치민주연합 송인기 / 새정치민주연합 김용우 / 
서울,노원구,구시군장,새정치민주연합 김성환 / 
서울,노원구,기초의원비례대표,새누리당 주연숙 / 새정치민주연합 이은주 / 새정치민주연합 김운화 / 
서울,도봉구,구시군의원,새누리당 이경숙 / 새정치민주연합 이영숙 / 새정치민주연합 강철웅 / 새누리당 이근옥 / 새누리당 홍국표 / 새정치민주연합 박진식 / 새누리당 차명자 / 새정치민주연합 조숙자 / 새누리당 이은림 / 새정치민주연합 이성희 / 새누리당 강신만 / 새정치민주연합 이태용 / 
서울,도봉구,구시군장,새정치민주연합 이동진 / 
서울,도봉구,기초의원비례대표,새누리당 김미자 / 새정치민주연합 유기훈 / 
서울,동대문구,구시군의원,새누리당 이순영 / 새정치민주연합 김남길 / 새누리당 주정 / 새정치민주연합 이영남 / 새누리당 오세찬 / 새정치민주연합 오중석 / 새누리당 정승환 / 새정치민주연합 김창규 / 새누리당 구병석 / 새정치민주연합 김명곤 / 새누리당 신현수 / 새정치민주연합 이현주 / 새누리당 신복자 / 새정치민주연합 김수규 / 새누리당 권재혁 / 새정치민주연합 이태인 / 
서울,동대문구,구시군장,새정치민주연합 유덕열 / 
서울,동대문구,기초의원비례대표,새누리당 임현숙 / 새정치민주연합 이의안 / 
서울,동작구,구시군의원,새누리당 양창원 / 새정치민주연합 전갑봉 / 새누리당 이봉준 / 새정치민주연합 김명기 / 새누리당 김성근 / 새정치민주연합 유태철 / 새누리당 최민규 / 새정치민주연합 김재열 / 새누리당 김현상 / 새정치민주연합 신희근 / 새누리당 최정아 / 새정치민주연합 최정춘 / 새누리당 황동혁 / 새정치민주연합 강한옥 / 새정치민주연합 서정택 / 
서울,동작구,구시군장,새정치민주연합 이창우 / 
서울,동작구,기초의원비례대표,새누리당 김주은 / 새정치민주연합 김순희 / 
서울,마포구,구시군의원,새정치민주연합 이동주 / 새누리당 서종수 / 새누리당 문정애 / 새정치민주연합 이필례 / 새누리당 이학래 / 새정치민주연합 허정행 / 새누리당 김효식 / 새정치민주연합 전승학 / 새누리당 송병길 / 새정치민주연합 이봉수 / 새누리당 유호렬 / 새정치민주연합 한일용 / 새누리당 차재홍 / 새정치민주연합 김영미 / 새누리당 백남환 / 새정치민주연합 신종갑 / 
서울,마포구,구시군장,새정치민주연합 박홍섭 / 
서울,마포구,기초의원비례대표,새누리당 김윤정 / 새정치민주연합 강희향 / 
서울,서대문구,구시군의원,새누리당 이진삼 / 새정치민주연합 류상호 / 새정치민주연합 장숙이 / 새누리당 이기수 / 새정치민주연합 김호진 / 새누리당 이경선 / 새정치민주연합 박경희 / 새누리당 홍길식 / 새정치민주연합 서호성 / 새정치민주연합 황춘하 / 새누리당 김순길 / 새누리당 이기돈 / 새정치민주연합 박상홍 / 
서울,서대문구,구시군장,새정치민주연합 문석진 / 
서울,서대문구,기초의원비례대표,새누리당 윤선경 / 새정치민주연합 김혜미 / 
서울,서초구,구시군의원,새누리당 오세철 / 새누리당 최유희 / 새정치민주연합 이진규 / 새누리당 최병홍 / 새누리당 고선재 / 새정치민주연합 김안숙 / 새누리당 이준우 / 새정치민주연합 문병훈 / 새누리당 김수한 / 새정치민주연합 안종숙 / 새누리당 권영중 / 새누리당 정덕모 / 새정치민주연합 용덕식 / 
서울,서초구,구시군장,새누리당 조은희 / 
서울,서초구,기초의원비례대표,새누리당 최미영 / 새정치민주연합 장옥준 / 
서울,성동구,구시군의원,새누리당 엄경석 / 새정치민주연합 문복란 / 무소속 임종기 / 새누리당 신동욱 / 새정치민주연합 이성수 / 새정치민주연합 윤종욱 / 새누리당 이상철 / 새정치민주연합 김해선 / 새정치민주연합 김종곤 / 새누리당 박정기 / 새정치민주연합 김달호 / 새정치민주연합 박경준 / 
서울,성동구,구시군장,새정치민주연합 정원오 / 
서울,성동구,기초의원비례대표,새누리당 은복실 / 새정치민주연합 남연희 / 
서울,성북구,구시군의원,새누리당 송대식 / 새정치민주연합 임태근 / 새누리당 유경상 / 새정치민주연합 김춘례 / 새정치민주연합 윤만환 / 새누리당 김원중 / 새정치민주연합 목소영 / 새정치민주연합 이광남 / 새누리당 송영옥 / 새정치민주연합 조민국 / 새누리당 권영애 / 새정치민주연합 오중균 / 새누리당 박학동 / 새정치민주연합 정형진 / 새정치민주연합 이인순 / 새정치민주연합 김일영 / 새누리당 진선아 / 새누리당 김태수 / 새정치민주연합 김동수 / 
서울,성북구,구시군장,새정치민주연합 김영배 / 
서울,성북구,기초의원비례대표,새누리당 김률희 / 새정치민주연합 이미영 / 새정치민주연합 안향자 / 
서울,송파구,구시군의원,새누리당 김중광 / 새정치민주연합 윤영한 / 새정치민주연합 노승재 / 새누리당 이배철 / 새정치민주연합 이정미 / 새누리당 유영수 / 새정치민주연합 박재현 / 새누리당 김순애 / 새누리당 이명재 / 새정치민주연합 안성화 / 새누리당 이혜숙 / 새정치민주연합 이성자 / 새정치민주연합 김대규 / 새누리당 임춘대 / 새정치민주연합 김상채 / 새누리당 최윤순 / 새정치민주연합 이정인 / 새정치민주연합 류승보 / 새누리당 박인섭 / 새누리당 채관석 / 새정치민주연합 나봉숙 / 새누리당 문윤원 / 새정치민주연합 유정인 / 
서울,송파구,구시군장,새누리당 박춘희 / 
서울,송파구,기초의원비례대표,새누리당 김정자 / 새누리당 최은영 / 새정치민주연합 김정열 / 
서울,양천구,구시군의원,새누리당 박태문 / 새정치민주연합 서병완 / 새누리당 전희수 / 새정치민주연합 안택순 / 새누리당 조재현 / 새정치민주연합 이동만 / 새누리당 나상희 / 새정치민주연합 박순주 / 새누리당 조진호 / 새정치민주연합 심광식 / 새누리당 김영주 / 새정치민주연합 이강길 / 새누리당 오진환 / 새정치민주연합 강연숙 / 새정치민주연합 신상균 / 새누리당 문병상 / 
서울,양천구,구시군장,새정치민주연합 김수영 / 
서울,양천구,기초의원비례대표,새누리당 최혜숙 / 새정치민주연합 임정옥 / 
서울,영등포구,구시군의원,새누리당 김재진 / 새정치민주연합 정선희 / 새누리당 강복희 / 새정치민주연합 고기판 / 새누리당 김용범 / 새정치민주연합 김길자 / 새누리당 이용주 / 새정치민주연합 윤준용 / 새누리당 정영출 / 새정치민주연합 박미영 / 새누리당 권영식 / 새정치민주연합 허홍석 / 새누리당 박유규 / 새누리당 박정자 / 새정치민주연합 유승용 / 
서울,영등포구,구시군장,새정치민주연합 조길형 / 
서울,영등포구,기초의원비례대표,새누리당 마숙란 / 새정치민주연합 박정신 / 
서울,용산구,구시군의원,새누리당 김정재 / 새정치민주연합 황금선 / 새누리당 이상순 / 새정치민주연합 김성열 / 새누리당 김경대 / 새정치민주연합 김철식 / 새누리당 박길준 / 새정치민주연합 장정호 / 새누리당 박희영 / 새누리당 김정준 / 새정치민주연합 윤성국 / 
서울,용산구,구시군장,새정치민주연합 성장현 / 
서울,용산구,기초의원비례대표,새누리당 고진숙 / 새정치민주연합 김경실 / 
서울,은평구,구시군의원,새정치민주연합 박용근 / 새누리당 채근배 / 새누리당 구자성 / 새정치민주연합 성흠제 / 새누리당 김규배 / 새정치민주연합 문규주 / 새누리당 조수학 / 새정치민주연합 장창익 / 새누리당 유명란 / 새정치민주연합 기노만 / 새누리당 고영호 / 새정치민주연합 이연옥 / 새누리당 소심향 / 새정치민주연합 신성진 / 새누리당 박등규 / 새정치민주연합 조정환 / 새정치민주연합 문근식 / 
서울,은평구,구시군장,새정치민주연합 김우영 / 
서울,은평구,기초의원비례대표,새누리당 정병호 / 새정치민주연합 권순선 / 
서울,종로구,구시군의원,새누리당 배효이 / 새정치민주연합 경점순 / 새누리당 윤종복 / 새정치민주연합 안재홍 / 새누리당 김준영 / 새정치민주연합 박노섭 / 새누리당 이재광 / 새정치민주연합 선상선 / 새정치민주연합 김복동 / 
서울,종로구,구시군장,새정치민주연합 김영종 / 
서울,종로구,기초의원비례대표,새누리당 이미자 / 새정치민주연합 유양순 / 
서울,중구(서울),구시군의원,새누리당 정희창 / 새정치민주연합 김영선 / 새누리당 고문식 / 새정치민주연합 변창윤 / 새누리당 김기래 / 새정치민주연합 양은미 / 새누리당 이화묵 / 새정치민주연합 양찬현 / 
서울,중구(서울),구시군장,새누리당 최창식 / 
서울,중구(서울),기초의원비례대표,새정치민주연합 이경일 / 
서울,중랑구,구시군의원,새누리당 김명찬 / 새정치민주연합 이영실 / 새누리당 조성연 / 새정치민주연합 서인서 / 새누리당 홍성욱 / 새정치민주연합 조회선 / 새정치민주연합 조희종 / 새누리당 김윤수 / 새정치민주연합 박승진 / 새누리당 김영숙 / 새정치민주연합 강대호 / 새누리당 왕보현 / 새정치민주연합 은승희 / 새누리당 김진영 / 새정치민주연합 최경보 / 
서울,중랑구,구시군장,새누리당 나진구 / 
서울,중랑구,기초의원비례대표,새누리당 장신자 / 새정치민주연합 이현배 / 
울산,남구(울산),구시군의원,새누리당 이종찬 / 새누리당 안수일 / 새누리당 김영석 / 무소속 박성진 / 새누리당 임용식 / 새누리당 안대룡 / 새누리당 방인섭 / 통합진보당 조남애 / 새누리당 김동칠 / 새누리당 박미라 / 새누리당 김춘섭 / 통합진보당 김만현 / 
울산,남구(울산),구시군장,새누리당 서동욱 / 
울산,남구(울산),기초의원비례대표,새누리당 김미연 / 새정치민주연합 이미영 / 
울산,동구,구시군의원,새누리당 김수종 / 새누리당 박은심 / 통합진보당 홍철호 / 새누리당 홍유준 / 통합진보당 이생환 / 새누리당 장만복 / 노동당 김원배 / 
울산,동구,구시군장,새누리당 권명호 / 
울산,동구,기초의원비례대표,새누리당 박경옥 / 
울산,북구(울산),구시군의원,새누리당 이상육 / 통합진보당 안승찬 / 새누리당 이수선 / 통합진보당 윤치용 / 새누리당 백현조 / 통합진보당 강진희 / 
울산,북구(울산),구시군장,새누리당 박천동 / 
울산,북구(울산),기초의원비례대표,새누리당 정복금 / 
울산,울주군,구시군의원,새누리당 이동철 / 새누리당 최길영 / 새누리당 한성율 / 새누리당 박동구 / 새정치민주연합 박기선 / 통합진보당 김민식 / 새누리당 김영철 / 새누리당 권영호 / 새누리당 조충제 / 
울산,울주군,구시군장,새누리당 신장열 / 
울산,울주군,기초의원비례대표,새누리당 정수진 / 
울산,중구(울산),구시군의원,새누리당 김순점 / 새누리당 권태호 / 새누리당 김선수 / 통합진보당 이효상 / 새누리당 김경환 / 새누리당 김영길 / 새정치민주연합 신성봉 / 새누리당 강혜순 / 새누리당 서경환 / 
울산,중구(울산),구시군장,새누리당 박성민 / 
울산,중구(울산),기초의원비례대표,새누리당 이복희 / 새정치민주연합 하경숙 / 
인천,강화군,구시군의원,새누리당 오필성 / 새누리당 한상순 / 새정치민주연합 최승남 / 새누리당 유호룡 / 새정치민주연합 김병연 / 무소속 박용철 / 
인천,강화군,구시군장,무소속 이상복 / 
인천,강화군,기초의원비례대표,새누리당 김자선 / 
인천,계양구,구시군의원,새누리당 고영훈 / 새정치민주연합 손민호 / 새누리당 이병학 / 새정치민주연합 박해진 / 새누리당 황원길 / 새정치민주연합 곽성구 / 새누리당 민윤홍 / 새정치민주연합 윤환 / 새정치민주연합 김유순 / 
인천,계양구,구시군장,새정치민주연합 박형우 / 
인천,계양구,기초의원비례대표,새누리당 김숙희 / 새정치민주연합 김경옥 / 
인천,남구(인천),구시군의원,새누리당 김재동 / 새정치민주연합 배상록 / 정의당 문영미 / 새누리당 이한형 / 새정치민주연합 손일 / 새누리당 장승덕 / 새정치민주연합 김종환 / 새누리당 이관호 / 새누리당 이봉락 / 새정치민주연합 이안호 / 새누리당 박향초 / 새정치민주연합 유중형 / 새누리당 김익선 / 새정치민주연합 정채훈 / 
인천,남구(인천),구시군장,새정치민주연합 박우섭 / 
인천,남구(인천),기초의원비례대표,새누리당 양정희 / 새정치민주연합 김순옥 / 
인천,남동구,구시군의원,새누리당 민창기 / 새정치민주연합 이오상 / 새정치민주연합 문종관 / 새누리당 임춘원 / 새정치민주연합 서점원 / 새누리당 이선옥 / 새누리당 신동섭 / 새정치민주연합 박인동 / 새누리당 임순애 / 새누리당 임동희 / 새정치민주연합 조영규 / 새누리당 한민수 / 새누리당 전유형 / 새정치민주연합 한정희 / 
인천,남동구,구시군장,새누리당 장석현 / 
인천,남동구,기초의원비례대표,새누리당 이유경 / 새정치민주연합 최재현 / 
인천,동구,구시군의원,새누리당 박영우 / 새누리당 김기인 / 새정치민주연합 지순자 / 새누리당 유옥분 / 새정치민주연합 한숙희 / 새정치민주연합 송광식 / 
인천,동구,구시군장,새누리당 이흥수 / 
인천,동구,기초의원비례대표,새누리당 이정옥 / 
인천,부평구,구시군의원,새누리당 최용복 / 새누리당 김일환 / 새정치민주연합 김도형 / 새정치민주연합 강순화 / 새누리당 이도재 / 새정치민주연합 유용균 / 새누리당 박창재 / 새정치민주연합 오흥수 / 새정치민주연합 오영선 / 새누리당 이재일 / 새정치민주연합 임지훈 / 새누리당 이춘우 / 새정치민주연합 박종혁 / 정의당 이소헌 / 새누리당 장정욱 / 새정치민주연합 김재곤 / 새정치민주연합 나상길 / 
인천,부평구,구시군장,새정치민주연합 홍미영 / 
인천,부평구,기초의원비례대표,새누리당 유정옥 / 새정치민주연합 홍순옥 / 
인천,서구(인천),구시군의원,새누리당 이의상 / 새누리당 이종민 / 새정치민주연합 심우창 / 새정치민주연합 천성주 / 새누리당 이종석 / 새정치민주연합 박삼숙 / 새정치민주연합 전재운 / 새누리당 김윤순 / 새누리당 최규술 / 새정치민주연합 김용인 / 새누리당 이한종 / 새정치민주연합 박형렬 / 새누리당 이용창 / 새정치민주연합 문순석 / 
인천,서구(인천),구시군장,새누리당 강범석 / 
인천,서구(인천),기초의원비례대표,새누리당 최영숙 / 새정치민주연합 전옥자 / 
인천,연수구,구시군의원,새누리당 이강구 / 새정치민주연합 이재정 / 새누리당 이인자 / 새누리당 곽종배 / 새정치민주연합 김준식 / 새누리당 이창환 / 새누리당 양해진 / 새정치민주연합 정지열 / 새정치민주연합 정현배 / 
인천,연수구,구시군장,새누리당 이재호 / 
인천,연수구,기초의원비례대표,새누리당 박현주 / 
인천,옹진군,구시군의원,새누리당 최성일 / 새누리당 김성기 / 새누리당 백동현 / 새누리당 김기순 / 새누리당 김형도 / 새누리당 장정민 / 
인천,옹진군,구시군장,새누리당 조윤길 / 
인천,옹진군,기초의원비례대표,새누리당 신영희 / 
인천,중구(인천),구시군의원,새누리당 유명복 / 새누리당 임관만 / 새정치민주연합 김철홍 / 새누리당 김영훈 / 새정치민주연합 이정재 / 노동당 김규찬 / 
인천,중구(인천),구시군장,새누리당 김홍섭 / 
인천,중구(인천),기초의원비례대표,새누리당 한성수 / 
전남,강진군,구시군의원,새정치민주연합 윤재남 / 새정치민주연합 배홍준 / 무소속 위성식 / 무소속 강승주 / 새정치민주연합 김상윤 / 새정치민주연합 정중섭 / 새정치민주연합 문춘단 / 
전남,강진군,구시군장,새정치민주연합 강진원 / 
전남,강진군,기초의원비례대표,새정치민주연합 김명희 / 
전남,고흥군,구시군의원,새정치민주연합 송영현 / 새정치민주연합 권영길 / 무소속 정동우 / 새정치민주연합 송우섭 / 새정치민주연합 김재열 / 새정치민주연합 장세선 / 새정치민주연합 임선신 / 무소속 정순열 / 새정치민주연합 김의규 / 새정치민주연합 정종열 / 
전남,고흥군,구시군장,새정치민주연합 박병종 / 
전남,고흥군,기초의원비례대표,새정치민주연합 최성자 / 새정치민주연합 안정민 / 
전남,곡성군,구시군의원,새정치민주연합 최용환 / 새정치민주연합 이국섭 / 무소속 주성재 / 새정치민주연합 강대광 / 새정치민주연합 이만수 / 무소속 윤영규 / 
전남,곡성군,구시군장,새정치민주연합 유근기 / 
전남,곡성군,기초의원비례대표,새정치민주연합 유남숙 / 
전남,광양시,구시군의원,새정치민주연합 문양오 / 새정치민주연합 이기연 / 새정치민주연합 박노신 / 새정치민주연합 김성희 / 새정치민주연합 서경식 / 통합진보당 백성호 / 무소속 서영배 / 새정치민주연합 서상기 / 무소속 진수화 / 새정치민주연합 송재천 / 새정치민주연합 최한국 / 
전남,광양시,구시군장,무소속 정현복 / 
전남,광양시,기초의원비례대표,새정치민주연합 심상례 / 새정치민주연합 이혜경 / 
전남,구례군,구시군의원,새정치민주연합 김기호 / 무소속 선상원 / 무소속 김송식 / 새정치민주연합 서은식 / 새정치민주연합 박영근 / 무소속 노성원 / 
전남,구례군,구시군장,새정치민주연합 서기동 / 
전남,구례군,기초의원비례대표,새정치민주연합 이승옥 / 
전남,나주시,구시군의원,새정치민주연합 김선용 / 새정치민주연합 윤정근 / 무소속 김용경 / 새정치민주연합 홍철식 / 새정치민주연합 허영우 / 새정치민주연합 김영덕 / 무소속 임성환 / 새정치민주연합 김철수 / 무소속 김판근 / 무소속 장행준 / 새정치민주연합 조영두 / 무소속 이광석 / 
전남,나주시,구시군장,새정치민주연합 강인규 / 
전남,나주시,기초의원비례대표,새정치민주연합 김노금 / 새정치민주연합 이동복 / 
전남,담양군,구시군의원,새정치민주연합 박종원 / 새정치민주연합 윤영선 / 새정치민주연합 추연욱 / 무소속 정철원 / 새정치민주연합 김정오 / 새정치민주연합 이규현 / 새정치민주연합 조홍천 / 새정치민주연합 김기성 / 
전남,담양군,구시군장,새정치민주연합 최형식 / 
전남,담양군,기초의원비례대표,새정치민주연합 이정옥 / 
전남,목포시,구시군의원,새정치민주연합 조성오 / 정의당 여인두 / 새정치민주연합 고승남 / 새정치민주연합 김휴환 / 새정치민주연합 장복성 / 새정치민주연합 이기정 / 새정치민주연합 최기동 / 새정치민주연합 정영수 / 무소속 김영수 / 새정치민주연합 강찬배 / 새정치민주연합 최홍림 / 새정치민주연합 김귀선 / 새정치민주연합 문경연 / 새정치민주연합 주창선 / 새정치민주연합 노경윤 / 새정치민주연합 조요한 / 새정치민주연합 임태성 / 새정치민주연합 성혜리 / 새정치민주연합 최석호 / 
전남,목포시,구시군장,무소속 박홍률 / 
전남,목포시,기초의원비례대표,새정치민주연합 유혜경 / 새정치민주연합 김금자 / 정의당 위수전 / 
전남,무안군,구시군의원,새정치민주연합 김원중 / 새정치민주연합 정길수 / 새정치민주연합 박성재 / 새정치민주연합 이요진 / 새정치민주연합 김만수 / 새정치민주연합 이동진 / 무소속 이정운 / 
전남,무안군,구시군장,새정치민주연합 김철주 / 
전남,무안군,기초의원비례대표,새정치민주연합 김인숙 / 
전남,보성군,구시군의원,새정치민주연합 안길섭 / 새정치민주연합 신경균 / 새정치민주연합 김재철 / 새정치민주연합 김판선 / 무소속 강복수 / 무소속 김영춘 / 무소속 김경열 / 
전남,보성군,구시군장,무소속 이용부 / 
전남,보성군,기초의원비례대표,새정치민주연합 조영남 / 
전남,순천시,구시군의원,새정치민주연합 서정진 / 새정치민주연합 최정원 / 새정치민주연합 정영태 / 새정치민주연합 박광득 / 새정치민주연합 이창용 / 새정치민주연합 주윤식 / 새정치민주연합 박계수 / 무소속 임종기 / 새정치민주연합 신민호 / 새정치민주연합 나안수 / 새정치민주연합 허유인 / 새정치민주연합 문규준 / 새정치민주연합 이옥기 / 새정치민주연합 김인곤 / 새정치민주연합 유영철 / 새정치민주연합 정철균 / 통합진보당 유영갑 / 무소속 박용운 / 새정치민주연합 유혜숙 / 새정치민주연합 김병권 / 통합진보당 이복남 / 
전남,순천시,구시군장,무소속 조충훈 / 
전남,순천시,기초의원비례대표,새정치민주연합 선순례 / 새정치민주연합 장숙희 / 통합진보당 김재임 / 
전남,신안군,구시군의원,새정치민주연합 주윤덕 / 무소속 양영모 / 새정치민주연합 이원용 / 새정치민주연합 최춘옥 / 무소속 조영훈 / 새정치민주연합 이종주 / 무소속 권오연 / 새정치민주연합 정광호 / 무소속 신인배 / 
전남,신안군,구시군장,무소속 고길호 / 
전남,신안군,기초의원비례대표,새정치민주연합 장미라 / 
전남,여수시,구시군의원,새정치민주연합 오홍우 / 무소속 정한태 / 새정치민주연합 서완석 / 새정치민주연합 노순기 / 새정치민주연합 최석규 / 새정치민주연합 김유화 / 무소속 김행기 / 새정치민주연합 이상우 / 새정치민주연합 김성식 / 새정치민주연합 장광진 / 무소속 박옥심 / 새정치민주연합 정옥기 / 무소속 강재헌 / 새정치민주연합 김순빈 / 새정치민주연합 주재현 / 새정치민주연합 김종길 / 새정치민주연합 고희권 / 새정치민주연합 박정채 / 새정치민주연합 이찬기 / 새정치민주연합 이선효 / 새정치민주연합 김양효 / 새정치민주연합 전창곤 / 무소속 송하진 / 
전남,여수시,구시군장,새정치민주연합 주철현 / 
전남,여수시,기초의원비례대표,새정치민주연합 박성미 / 새정치민주연합 추미향 / 통합진보당 김재영 / 
전남,영광군,구시군의원,새정치민주연합 최은영 / 새정치민주연합 심기동 / 무소속 강필구 / 무소속 장세일 / 새정치민주연합 김양모 / 새정치민주연합 김강헌 / 무소속 장기소 / 
전남,영광군,구시군장,무소속 김준성 / 
전남,영광군,기초의원비례대표,새정치민주연합 손옥희 / 
전남,영암군,구시군의원,새정치민주연합 박찬종 / 새정치민주연합 이하남 / 무소속 박영배 / 새정치민주연합 김철호 / 새정치민주연합 강찬원 / 새정치민주연합 조정기 / 새정치민주연합 박영수 / 
전남,영암군,구시군장,새정치민주연합 전동평 / 
전남,영암군,기초의원비례대표,새정치민주연합 고화자 / 
전남,완도군,구시군의원,새정치민주연합 김동삼 / 새정치민주연합 박인철 / 새정치민주연합 박성규 / 무소속 정관범 / 새정치민주연합 조인호 / 새정치민주연합 박종연 / 새정치민주연합 서을윤 / 무소속 박관철 / 
전남,완도군,구시군장,새정치민주연합 신우철 / 
전남,완도군,기초의원비례대표,새정치민주연합 천양숙 / 
전남,장성군,구시군의원,새정치민주연합 차상현 / 새정치민주연합 김재완 / 무소속 임동섭 / 새정치민주연합 김행훈 / 새정치민주연합 김회식 / 새정치민주연합 김상복 / 무소속 고재진 / 
전남,장성군,구시군장,무소속 유두석 / 
전남,장성군,기초의원비례대표,새정치민주연합 김옥 / 
전남,장흥군,구시군의원,새정치민주연합 김복실 / 무소속 유상호 / 무소속 김화자 / 새정치민주연합 곽태수 / 새정치민주연합 위등 / 새정치민주연합 왕윤채 / 
전남,장흥군,구시군장,무소속 김성 / 
전남,장흥군,기초의원비례대표,새정치민주연합 채은아 / 
전남,진도군,구시군의원,새정치민주연합 김상헌 / 새정치민주연합 조규탁 / 새정치민주연합 김인정 / 무소속 박영상 / 새정치민주연합 주선종 / 무소속 장영태 / 
전남,진도군,구시군장,새정치민주연합 이동진 / 
전남,진도군,기초의원비례대표,새정치민주연합 박금례 / 
전남,함평군,구시군의원,새정치민주연합 정철희 / 새정치민주연합 이윤행 / 무소속 이진섭 / 새정치민주연합 이재영 / 새정치민주연합 정경임 / 무소속 정수길 / 
전남,함평군,구시군장,새정치민주연합 안병호 / 
전남,함평군,기초의원비례대표,새정치민주연합 윤앵랑 / 
전남,해남군,구시군의원,새정치민주연합 이길운 / 새정치민주연합 박동인 / 새정치민주연합 김병덕 / 무소속 서해근 / 무소속 정명승 / 새정치민주연합 조광영 / 새정치민주연합 김주환 / 새정치민주연합 이순이 / 새정치민주연합 이대배 / 
전남,해남군,구시군장,새정치민주연합 박철환 / 
전남,해남군,기초의원비례대표,새정치민주연합 김종숙 / 통합진보당 김미희 / 
전남,화순군,구시군의원,새정치민주연합 윤영민 / 새정치민주연합 강순팔 / 새정치민주연합 이선 / 통합진보당 윤석현 / 새정치민주연합 최기천 / 무소속 박광재 / 새정치민주연합 조유송 / 새정치민주연합 정명조 / 무소속 오방록 / 
전남,화순군,구시군장,새정치민주연합 구충곤 / 
전남,화순군,기초의원비례대표,새정치민주연합 김숙희 / 
전북,고창군,구시군의원,새정치민주연합 이경신 / 무소속 조민규 / 무소속 박래환 / 새정치민주연합 이봉희 / 무소속 최인규 / 새정치민주연합 이상호 / 새정치민주연합 김영호 / 새정치민주연합 조규철 / 새정치민주연합 김기현 / 
전북,고창군,구시군장,새정치민주연합 박우정 / 
전북,고창군,기초의원비례대표,새정치민주연합 박정숙 / 
전북,군산시,구시군의원,새정치민주연합 서동수 / 새정치민주연합 고석원 / 무소속 김경구 / 새정치민주연합 신경용 / 무소속 설경민 / 새정치민주연합 김영일 / 새정치민주연합 진희완 / 무소속 길영춘 / 새정치민주연합 정길수 / 새정치민주연합 김성곤 / 무소속 조경수 / 새정치민주연합 박정희 / 새정치민주연합 배형원 / 새정치민주연합 김종숙 / 새정치민주연합 나종성 / 새정치민주연합 유선우 / 새정치민주연합 강성옥 / 새정치민주연합 한경봉 / 무소속 이복 / 새정치민주연합 김우민 / 무소속 서동완 / 
전북,군산시,구시군장,새정치민주연합 문동신 / 
전북,군산시,기초의원비례대표,새누리당 방경미 / 새정치민주연합 신영자 / 새정치민주연합 김난영 / 
전북,김제시,구시군의원,새정치민주연합 김영자 / 새정치민주연합 김복남 / 무소속 김윤진 / 새정치민주연합 온주현 / 무소속 서백현 / 무소속 백창민 / 새정치민주연합 박두기 / 새정치민주연합 유진우 / 새정치민주연합 임영택 / 새정치민주연합 이병철 / 새정치민주연합 정성주 / 새정치민주연합 나병문 / 
전북,김제시,구시군장,무소속 이건식 / 
전북,김제시,기초의원비례대표,새누리당 김경숙 / 새정치민주연합 김영자 / 
전북,남원시,구시군의원,새정치민주연합 윤지홍 / 새정치민주연합 김종관 / 새정치민주연합 전평기 / 무소속 김승곤 / 새정치민주연합 박문화 / 새정치민주연합 이정린 / 무소속 김정환 / 새정치민주연합 장종한 / 무소속 강성원 / 새정치민주연합 이석보 / 무소속 김성기 / 새정치민주연합 양희재 / 무소속 왕정안 / 무소속 양해석 / 
전북,남원시,구시군장,새정치민주연합 이환주 / 
전북,남원시,기초의원비례대표,새정치민주연합 한명숙 / 새정치민주연합 장선화 / 
전북,무주군,구시군의원,새정치민주연합 이해연 / 새정치민주연합 이한승 / 새정치민주연합 유송열 / 새정치민주연합 이성수 / 새정치민주연합 김준환 / 무소속 이대석 / 
전북,무주군,구시군장,새정치민주연합 황정수 / 
전북,무주군,기초의원비례대표,새정치민주연합 이해양 / 
전북,부안군,구시군의원,새정치민주연합 임기태 / 무소속 박병래 / 무소속 김형대 / 새정치민주연합 홍춘기 / 무소속 박천호 / 새정치민주연합 오세웅 / 새정치민주연합 이한수 / 새정치민주연합 문찬기 / 무소속 김병효 / 
전북,부안군,구시군장,무소속 김종규 / 
전북,부안군,기초의원비례대표,새정치민주연합 장은아 / 
전북,순창군,구시군의원,새정치민주연합 이기자 / 무소속 정봉주 / 새정치민주연합 전계수 / 무소속 정성균 / 새정치민주연합 조순주 / 새정치민주연합 손종석 / 무소속 김종섭 / 
전북,순창군,구시군장,새정치민주연합 황숙주 / 
전북,순창군,기초의원비례대표,새정치민주연합 신정이 / 
전북,완주군,구시군의원,새정치민주연합 윤수봉 / 무소속 최상철 / 새정치민주연합 정성모 / 새정치민주연합 최등원 / 새정치민주연합 이향자 / 새정치민주연합 박웅배 / 무소속 류영렬 / 새정치민주연합 김용찬 / 새정치민주연합 서남용 / 
전북,완주군,구시군장,무소속 박성일 / 
전북,완주군,기초의원비례대표,새정치민주연합 이인숙 / 
전북,익산시,구시군의원,새정치민주연합 최종오 / 새정치민주연합 박철원 / 정의당 김수연 / 새정치민주연합 김충영 / 새정치민주연합 김대오 / 무소속 김용균 / 새정치민주연합 박종대 / 새정치민주연합 김정수 / 새정치민주연합 조규대 / 새정치민주연합 김주헌 / 무소속 조남석 / 새정치민주연합 임병술 / 새정치민주연합 김태열 / 무소속 김연식 / 새정치민주연합 윤영숙 / 새정치민주연합 임형택 / 무소속 성신용 / 새정치민주연합 유재구 / 새정치민주연합 주유선 / 정의당 송호진 / 새정치민주연합 황호열 / 새정치민주연합 소병홍 / 
전북,익산시,구시군장,무소속 박경철 / 
전북,익산시,기초의원비례대표,새누리당 김민서 / 새정치민주연합 한동연 / 새정치민주연합 강경숙 / 
전북,임실군,구시군의원,무소속 진남근 / 무소속 문홍식 / 새정치민주연합 신대용 / 무소속 장종민 / 새정치민주연합 문영두 / 새정치민주연합 이성재 / 무소속 김왕중 / 
전북,임실군,구시군장,무소속 심민 / 
전북,임실군,기초의원비례대표,새정치민주연합 유정금 / 
전북,장수군,구시군의원,새정치민주연합 유기홍 / 새정치민주연합 김용문 / 무소속 한규태 / 새정치민주연합 오재만 / 새정치민주연합 김종문 / 무소속 정영모 / 
전북,장수군,구시군장,무소속 최용득 / 
전북,장수군,기초의원비례대표,새정치민주연합 이희숙 / 
전북,전주시덕진구,구시군의원,새정치민주연합 최찬욱 / 새정치민주연합 남관우 / 새정치민주연합 강동화 / 무소속 이명연 / 새정치민주연합 오정화 / 새정치민주연합 이병도 / 새정치민주연합 김명지 / 새정치민주연합 박혜숙 / 새정치민주연합 김남규 / 새정치민주연합 황만길 / 새정치민주연합 이병하 / 새정치민주연합 송상준 / 새정치민주연합 김진옥 / 새정치민주연합 송정훈 / 
전북,전주시완산구,구시군의원,새정치민주연합 허승복 / 무소속 김윤철 / 새정치민주연합 이기동 / 새정치민주연합 백영규 / 새정치민주연합 박병술 / 무소속 양영환 / 새정치민주연합 오평근 / 새정치민주연합 이도영 / 새정치민주연합 김현덕 / 새정치민주연합 소순명 / 무소속 장태영 / 새정치민주연합 서선희 / 무소속 이완구 / 새정치민주연합 박형배 / 새정치민주연합 박현규 / 무소속 이미숙 / 
전북,전주시완산구,구시군장,새정치민주연합 김승수 / 
전북,전주시완산구,기초의원비례대표,새누리당 김순정 / 새정치민주연합 서난이 / 새정치민주연합 고미희 / 새정치민주연합 이경신 / 
전북,정읍시,구시군의원,새정치민주연합 이익규 / 새정치민주연합 최낙삼 / 새정치민주연합 김철수 / 새정치민주연합 고경윤 / 무소속 이복형 / 새정치민주연합 정병선 / 새정치민주연합 안길만 / 새정치민주연합 김승범 / 무소속 김재오 / 새정치민주연합 유진섭 / 무소속 이도형 / 새정치민주연합 박일 / 무소속 조상중 / 새정치민주연합 이만재 / 새정치민주연합 우천규 / 
전북,정읍시,구시군장,새정치민주연합 김생기 / 
전북,정읍시,기초의원비례대표,새정치민주연합 황혜숙 / 새정치민주연합 배정자 / 
전북,진안군,구시군의원,새정치민주연합 이한기 / 무소속 김남기 / 무소속 배성기 / 새정치민주연합 박명석 / 무소속 신갑수 / 무소속 김광수 / 
전북,진안군,구시군장,무소속 이항로 / 
전북,진안군,기초의원비례대표,새정치민주연합 정옥주 / 
충남,계룡시,구시군의원,새누리당 류보선 / 새누리당 김용락 / 새정치민주연합 김미경 / 무소속 이정기 / 새누리당 김혜정 / 새정치민주연합 강흥식 / 
충남,계룡시,구시군장,새정치민주연합 최홍묵 / 
충남,계룡시,기초의원비례대표,새누리당 허남영 / 
충남,공주시,구시군의원,새누리당 윤홍중 / 새정치민주연합 우영길 / 새누리당 박기영 / 새정치민주연합 김동일 / 새누리당 한상규 / 새정치민주연합 이해선 / 새누리당 박병수 / 새정치민주연합 배찬식 / 새정치민주연합 이종운 / 
충남,공주시,구시군장,새누리당 오시덕 / 
충남,공주시,기초의원비례대표,새누리당 박선자 / 새정치민주연합 김영미 / 
충남,금산군,구시군의원,새누리당 이상헌 / 새누리당 김왕수 / 무소속 심정수 / 새누리당 박병진 / 무소속 김종학 / 새누리당 최명수 / 새누리당 전연석 / 
충남,금산군,구시군장,새누리당 박동철 / 
충남,금산군,기초의원비례대표,새누리당 황귀열 / 
충남,논산시,구시군의원,새누리당 이계천 / 새정치민주연합 백승권 / 새누리당 박승용 / 새누리당 구본선 / 새정치민주연합 김진호 / 새누리당 임종진 / 새정치민주연합 김형도 / 새누리당 이충렬 / 새누리당 문갑래 / 새정치민주연합 윤예중 / 
충남,논산시,구시군장,새정치민주연합 황명선 / 
충남,논산시,기초의원비례대표,새누리당 이금자 / 새정치민주연합 민병춘 / 
충남,당진시,구시군의원,새누리당 편명희 / 새정치민주연합 맹붕재 / 새정치민주연합 김기재 / 새누리당 이종윤 / 새정치민주연합 안효권 / 새누리당 인효식 / 새누리당 박장화 / 새누리당 정상영 / 새누리당 이재광 / 새정치민주연합 양창모 / 
충남,당진시,구시군장,새정치민주연합 김홍장 / 
충남,당진시,기초의원비례대표,새누리당 양기림 / 새정치민주연합 황선숙 / 
충남,보령시,구시군의원,새누리당 이택영 / 새누리당 박금순 / 새누리당 박상모 / 새정치민주연합 한동인 / 무소속 김한태 / 새누리당 박상배 / 새정치민주연합 임영재 / 새누리당 최은순 / 새누리당 류붕석 / 새정치민주연합 성태용 / 
충남,보령시,구시군장,새누리당 김동일 / 
충남,보령시,기초의원비례대표,새누리당 최주경 / 새정치민주연합 강인순 / 
충남,부여군,구시군의원,새누리당 이삼례 / 새누리당 김태호 / 새누리당 이대현 / 새정치민주연합 김남호 / 새누리당 장성용 / 새누리당 정태영 / 새누리당 이경영 / 새누리당 조세연 / 새누리당 김종수 / 
충남,부여군,구시군장,새누리당 이용우 / 
충남,부여군,기초의원비례대표,새누리당 유정임 / 새정치민주연합 송복섭 / 
충남,서산시,구시군의원,새누리당 장갑순 / 새정치민주연합 장승재 / 새누리당 우종재 / 새정치민주연합 유해중 / 새누리당 한규남 / 새정치민주연합 김보희 / 새누리당 김기욱 / 새누리당 김맹호 / 새정치민주연합 윤영득 / 새누리당 임설빈 / 새정치민주연합 임재관 / 
충남,서산시,구시군장,새누리당 이완섭 / 
충남,서산시,기초의원비례대표,새누리당 장은순 / 새정치민주연합 이연희 / 
충남,서천군,구시군의원,새누리당 김경제 / 새누리당 한관희 / 새정치민주연합 박노찬 / 새정치민주연합 나학균 / 새누리당 조남일 / 새누리당 이준희 / 새정치민주연합 조동준 / 무소속 오세국 / 
충남,서천군,구시군장,새누리당 노박래 / 
충남,서천군,기초의원비례대표,새누리당 오영란 / 
충남,아산시,구시군의원,새누리당 이기애 / 새누리당 현인배 / 새정치민주연합 박성순 / 새누리당 김진구 / 새정치민주연합 김영애 / 새정치민주연합 황재만 / 새누리당 유명근 / 새정치민주연합 성시열 / 새정치민주연합 오안영 / 새누리당 심상복 / 새정치민주연합 안장헌 / 새정치민주연합 유기준 / 새정치민주연합 조철기 / 
충남,아산시,구시군장,새정치민주연합 복기왕 / 
충남,아산시,기초의원비례대표,새누리당 이영해 / 새정치민주연합 김희영 / 
충남,예산군,구시군의원,새누리당 강재석 / 새누리당 이승구 / 무소속 명재학 / 새누리당 강연종 / 무소속 박응수 / 새누리당 권국상 / 새누리당 김영호 / 새누리당 유영배 / 새정치민주연합 김만겸 / 
충남,예산군,구시군장,새누리당 황선봉 / 
충남,예산군,기초의원비례대표,새누리당 백용자 / 새정치민주연합 임영혜 / 
충남,천안시동남구,구시군의원,새누리당 김연응 / 새정치민주연합 전종한 / 새누리당 서경원 / 새정치민주연합 인치견 / 새정치민주연합 조강석 / 새누리당 노희준 / 새정치민주연합 김선태 / 새누리당 안상국 / 새정치민주연합 황천순 / 새정치민주연합 박남주 / 
충남,천안시서북구,구시군의원,새누리당 유영오 / 새정치민주연합 주명식 / 새누리당 이준용 / 새정치민주연합 황기승 / 새정치민주연합 김영수 / 새누리당 정도희 / 새정치민주연합 김각현 / 새누리당 주일원 / 새정치민주연합 이종담 / 
충남,천안시서북구,구시군장,새정치민주연합 구본영 / 
충남,천안시서북구,기초의원비례대표,새누리당 이복자 / 새정치민주연합 김은나 / 새정치민주연합 엄소영 / 
충남,청양군,구시군의원,새누리당 구기수 / 새누리당 심우성 / 새누리당 임동금 / 새누리당 김종관 / 새누리당 이기성 / 무소속 김중환 / 무소속 정창용 / 
충남,청양군,구시군장,무소속 이석화 / 
충남,청양군,기초의원비례대표,새누리당 정연옥 / 
충남,태안군,구시군의원,새누리당 이용희 / 새누리당 조혁 / 새정치민주연합 김기두 / 무소속 김영인 / 새누리당 김진권 / 새누리당 박남규 / 새누리당 최영신 / 
충남,태안군,구시군장,새누리당 한상기 / 
충남,태안군,기초의원비례대표,새누리당 차윤선 / 
충남,홍성군,구시군의원,새누리당 김헌수 / 새누리당 이상근 / 새정치민주연합 최선경 / 새누리당 김덕배 / 새누리당 이병국 / 새누리당 황현동 / 무소속 윤용관 / 새누리당 이선균 / 새누리당 박만 / 
충남,홍성군,구시군장,새누리당 김석환 / 
충남,홍성군,기초의원비례대표,새누리당 방은희 / 
충북,괴산군,구시군의원,새누리당 김해영 / 새정치민주연합 윤남진 / 무소속 장용덕 / 새누리당 김영배 / 무소속 홍관표 / 새누리당 박연섭 / 무소속 신송규 / 
충북,괴산군,구시군장,무소속 임각수 / 
충북,괴산군,기초의원비례대표,새누리당 장옥자 / 
충북,단양군,구시군의원,새누리당 조선희 / 새누리당 오영탁 / 새정치민주연합 김광직 / 새누리당 이범윤 / 새누리당 천동춘 / 새정치민주연합 김영주 / 
충북,단양군,구시군장,새누리당 류한우 / 
충북,단양군,기초의원비례대표,새누리당 이명자 / 
충북,보은군,구시군의원,새누리당 고은자 / 새정치민주연합 하유정 / 새누리당 원갑희 / 새정치민주연합 최당열 / 새누리당 정경기 / 새누리당 최부림 / 무소속 박범출 / 
충북,보은군,구시군장,무소속 정상혁 / 
충북,보은군,기초의원비례대표,새누리당 박경숙 / 
충북,영동군,구시군의원,새누리당 여철구 / 새누리당 정진규 / 새정치민주연합 윤석진 / 새누리당 박계용 / 새누리당 박선용 / 새누리당 정춘택 / 새누리당 남기학 / 
충북,영동군,구시군장,새누리당 박세복 / 
충북,영동군,기초의원비례대표,새누리당 박순복 / 
충북,옥천군,구시군의원,새누리당 유재목 / 새정치민주연합 임만재 / 무소속 문병관 / 새누리당 민경술 / 새누리당 이재헌 / 새누리당 최연호 / 무소속 안효익 / 
충북,옥천군,구시군장,새누리당 김영만 / 
충북,옥천군,기초의원비례대표,새누리당 유재숙 / 
충북,음성군,구시군의원,새누리당 우성수 / 무소속 한동완 / 무소속 이상정 / 새누리당 남궁유 / 새정치민주연합 조천희 / 새누리당 윤창규 / 새정치민주연합 이대웅 / 
충북,음성군,구시군장,새누리당 이필용 / 
충북,음성군,기초의원비례대표,새누리당 김윤희 / 
충북,제천시,구시군의원,새누리당 이성진 / 새정치민주연합 홍석용 / 새누리당 성명중 / 새정치민주연합 최상귀 / 새누리당 김꽃임 / 새정치민주연합 양순경 / 새누리당 김영수 / 새정치민주연합 김동식 / 새누리당 김정문 / 새누리당 김호경 / 무소속 조덕희 / 
충북,제천시,구시군장,새정치민주연합 이근규 / 
충북,제천시,기초의원비례대표,새누리당 지은영 / 새정치민주연합 주영숙 / 
충북,증평군,구시군의원,새누리당 우종한 / 새누리당 지영섭 / 새누리당 김태우 / 새정치민주연합 장천배 / 새누리당 박석규 / 새정치민주연합 연종석 / 
충북,증평군,구시군장,새정치민주연합 홍성열 / 
충북,증평군,기초의원비례대표,새누리당 이동령 / 
충북,진천군,구시군의원,새누리당 신창섭 / 새정치민주연합 박양규 / 통합진보당 김상봉 / 새누리당 장동현 / 새누리당 안재덕 / 새정치민주연합 염정환 / 
충북,진천군,구시군장,새정치민주연합 유영훈 / 
충북,진천군,기초의원비례대표,새누리당 이영자 / 
충북,청원군,구시군의원,새누리당 김병국 / 새정치민주연합 남일현 / 새누리당 맹순자 / 새누리당 박노학 / 새정치민주연합 하재성 / 새누리당 전규식 / 새정치민주연합 변종오 / 새누리당 이우균 / 새누리당 박정희 / 새정치민주연합 신언식 / 
충북,청원군,기초의원비례대표,새누리당 윤인자 / 새정치민주연합 박금순 / 
충북,청주시상당구,구시군의원,새누리당 황영호 / 새누리당 정태훈 / 새정치민주연합 임기중 / 새누리당 박현순 / 새정치민주연합 한병수 / 새정치민주연합 김성택 / 새누리당 최진현 / 새누리당 김태수 / 새정치민주연합 최충진 / 
충북,청주시상당구,구시군장,새누리당 이승훈 / 
충북,청주시상당구,기초의원비례대표,새누리당 이유자 / 새누리당 변창수 / 새정치민주연합 김은숙 / 
충북,청주시흥덕구,구시군의원,새누리당 이완복 / 새누리당 홍순평 / 새정치민주연합 김기동 / 새누리당 안성현 / 새정치민주연합 육미선 / 새누리당 이병복 / 새정치민주연합 김용규 / 새누리당 안흥수 / 새정치민주연합 이재길 / 새누리당 김현기 / 새정치민주연합 서지한 / 새정치민주연합 박상돈 / 새누리당 남연심 / 새정치민주연합 유재곤 / 
충북,충주시,구시군의원,새누리당 김영식 / 새정치민주연합 김기철 / 새누리당 이종구 / 새정치민주연합 김헌식 / 새누리당 홍진옥 / 새누리당 정상교 / 새정치민주연합 최용수 / 새누리당 우건성 / 새누리당 윤범로 / 새누리당 정성용 / 새정치민주연합 천명숙 / 새누리당 최근배 / 새누리당 박해수 / 새누리당 이종갑 / 새누리당 이호영 / 새정치민주연합 허영옥 / 새정치민주연합 김인기 / 
충북,충주시,구시군장,새누리당 조길형 / 
충북,충주시,기초의원비례대표,새누리당 신옥선 / 새정치민주연합 권정희 / 